Index,Prediction
1,3.2983333333333333
2,3.2233333333333336
3,3.762833333333333
4,2.653
5,3.6158333333333337
6,2.8861666666666665
7,4.139666666666667
8,2.8360000000000003
9,3.214333333333334
10,2.8223333333333334
11,2.7945000000000007
12,2.4463333333333335
13,2.7703333333333338
14,2.7186666666666666
15,2.663166666666667
16,2.2359999999999998
17,4.023
18,2.7898333333333336
19,3.604666666666667
20,3.109666666666667
21,2.4015
22,2.5128333333333335
23,2.7416666666666667
24,3.7403333333333335
25,1.5131666666666663
26,3.7403333333333335
27,4.664928571428572
28,2.9388333333333336
29,3.1146666666666674
30,2.9388333333333336
31,2.6046428571428577
32,2.2884999999999995
33,2.4766666666666666
34,2.3435
35,3.015833333333333
36,2.9843333333333333
37,3.325666666666667
38,2.5980000000000003
39,2.5095
40,2.9843333333333333
41,2.4476666666666667
42,3.6175
43,4.238333333333333
44,2.3591666666666664
45,3.3596666666666666
46,3.4174999999999995
47,4.012
48,4.102333333333333
49,3.952666666666667
50,3.8090714285714284
51,3.952666666666667
52,4.118833333333333
53,4.118833333333333
54,4.5089999999999995
55,4.118833333333333
56,3.7944999999999998
57,2.9033333333333333
58,3.883
59,3.121666666666667
60,3.2429166666666664
61,2.6198333333333337
62,2.438
63,2.8376666666666663
64,3.2501666666666664
65,3.9034999999999997
66,3.6692619047619046
67,2.3749999999999996
68,2.436
69,2.664666666666667
70,3.013833333333334
71,3.013833333333334
72,1.7431666666666665
73,2.458666666666667
74,3.342333333333333
75,2.70525
76,4.154999999999999
77,3.39
78,2.351166666666667
79,3.7880952380952375
80,2.915261904761905
81,4.102333333333333
82,3.122583333333333
83,3.0866666666666664
84,1.8559999999999999
85,2.6843333333333335
86,2.7204999999999995
87,2.9348333333333327
88,3.9034999999999997
89,2.7525
90,2.8680000000000003
91,3.113428571428571
92,4.0616666666666665
93,3.022
94,2.8568333333333333
95,3.234166666666667
96,2.5468333333333333
97,1.606238095238095
98,2.5643333333333334
99,2.4555
100,2.6918333333333337
101,3.606666666666667
102,2.4245
103,2.780500000000001
104,2.9716666666666667
105,2.8330000000000006
106,3.2900000000000005
107,2.494666666666667
108,2.3348333333333335
109,3.039
110,2.460404761904762
111,2.6623333333333337
112,2.746166666666667
113,2.6135
114,3.082166666666667
115,4.4511666666666665
116,4.579904761904762
117,3.6321666666666665
118,4.733
119,4.6161666666666665
120,4.6161666666666665
121,4.505571428571429
122,4.494166666666667
123,4.613499999999999
124,4.830666666666667
125,4.493166666666666
126,2.9201666666666664
127,1.7798333333333332
128,3.0771666666666664
129,2.528
130,2.415
131,2.620083333333333
132,3.2163333333333326
133,2.5473333333333334
134,2.529166666666667
135,3.009166666666667
136,2.2353333333333336
137,3.63902380952381
138,3.63902380952381
139,3.051833333333334
140,2.537166666666667
141,2.679666666666667
142,2.686833333333333
143,2.3179999999999996
144,2.408404761904762
145,3.051833333333334
146,1.7664999999999997
147,3.7707380952380953
148,2.1855
149,2.3985000000000003
150,3.048333333333334
151,2.815
152,3.355833333333333
153,3.355833333333333
154,3.355833333333333
155,3.082166666666667
156,3.355833333333333
157,3.0846666666666662
158,3.355833333333333
159,3.4928333333333335
160,3.7873333333333337
161,4.494166666666667
162,4.479166666666667
163,3.753833333333333
164,3.4501666666666666
165,2.625238095238095
166,2.4825
167,1.803738095238095
168,2.2965
169,3.4063333333333334
170,3.7089999999999996
171,3.63902380952381
172,3.834833333333333
173,3.847
174,1.7664999999999997
175,3.1188333333333333
176,3.150833333333334
177,3.2638333333333334
178,2.217833333333333
179,2.828666666666666
180,3.395261904761904
181,3.6910000000000003
182,3.5954999999999995
183,3.099166666666666
184,3.055
185,2.9875
186,4.059333333333333
187,2.2568333333333332
188,2.341166666666667
189,3.0818333333333334
190,2.968821428571429
191,2.2116666666666664
192,3.7734047619047617
193,2.3555
194,2.2068333333333334
195,2.6051666666666673
196,3.6363333333333334
197,2.898833333333333
198,2.0503333333333336
199,3.4325
200,3.6786190476190477
201,3.561261904761905
202,3.266166666666666
203,2.658666666666667
204,2.1445000000000003
205,2.448166666666667
206,3.7564047619047614
207,3.9007380952380957
208,2.7375
209,3.156261904761904
210,2.9058333333333337
211,2.104
212,2.2464166666666667
213,3.170833333333334
214,3.625833333333333
215,3.204166666666667
216,2.5595000000000003
217,2.303166666666667
218,2.3535000000000004
219,4.088833333333333
220,3.131833333333334
221,3.0363333333333333
222,3.0363333333333333
223,3.2064999999999997
224,2.6566666666666667
225,3.2513333333333327
226,2.5554761904761905
227,2.5105
228,2.4648333333333334
229,3.134666666666667
230,2.5436666666666663
231,2.388
232,2.526
233,2.6333333333333337
234,2.2426666666666666
235,2.698904761904762
236,3.4339999999999997
237,2.4985
238,1.8819999999999997
239,2.8408333333333333
240,2.9755000000000003
241,2.755333333333333
242,3.441833333333333
243,2.868833333333334
244,3.0642619047619046
245,3.1598333333333333
246,2.8366666666666664
247,2.7343333333333333
248,2.9688333333333334
249,2.2318333333333333
250,3.307833333333333
251,2.349666666666667
252,2.0414285714285714
253,2.525166666666667
254,2.242166666666667
255,2.347666666666667
256,2.4678333333333335
257,2.580666666666667
258,3.2064999999999997
259,2.7475
260,2.6333333333333337
261,2.1816666666666666
262,2.795
263,2.744833333333333
264,3.347833333333333
265,3.844666666666667
266,2.9793333333333334
267,3.300595238095238
268,4.012833333333333
269,3.3644285714285713
270,3.3644285714285713
271,2.769571428571428
272,2.469666666666667
273,2.885
274,2.439
275,3.0596666666666663
276,2.2885
277,2.154333333333333
278,2.716666666666667
279,2.499166666666667
280,2.2173333333333334
281,2.171333333333333
282,2.6333333333333337
283,2.635
284,3.7040952380952374
285,1.8419999999999996
286,2.3799999999999994
287,2.672833333333333
288,2.339833333333333
289,3.588333333333333
290,3.2556666666666665
291,2.9405
292,1.9882380952380954
293,2.7516666666666674
294,2.568833333333333
295,3.896333333333333
296,3.099666666666667
297,2.5113333333333334
298,2.2329999999999997
299,2.3666428571428573
300,2.4218333333333333
301,2.4915000000000003
302,2.9885000000000006
303,2.5250000000000004
304,2.714666666666667
305,3.0301666666666667
306,2.9885000000000006
307,2.492904761904762
308,4.627809523809523
309,5.011166666666667
310,3.9172142857142846
311,4.015
312,4.618166666666666
313,3.068833333333334
314,3.035
315,3.1840952380952383
316,3.0124285714285715
317,3.0124285714285715
318,3.0955
319,2.785666666666667
320,2.9301666666666666
321,2.2768333333333333
322,3.2441666666666666
323,2.6814999999999998
324,2.836666666666667
325,3.193
326,2.9971666666666668
327,2.425
328,2.381
329,2.306
330,2.3076666666666665
331,2.524
332,2.562166666666667
333,2.144
334,4.178416666666667
335,2.756666666666667
336,3.4781666666666666
337,2.632666666666667
338,2.4665000000000004
339,2.338833333333333
340,2.7320000000000007
341,3.0938095238095245
342,2.3666428571428573
343,3.368666666666666
344,2.5775
345,2.830333333333334
346,3.368666666666666
347,2.7791666666666663
348,2.7683333333333335
349,2.855
350,2.855
351,2.576666666666666
352,0.5603333333333333
353,0.3949166666666667
354,4.481999999999999
355,3.708
356,4.691738095238095
357,4.562999999999999
358,2.8725
359,2.8725
360,2.8595000000000006
361,2.6033333333333335
362,3.0203333333333338
363,2.804666666666667
364,2.0420000000000003
365,2.3341666666666665
366,3.2781666666666673
367,2.8633333333333333
368,3.914166666666667
369,2.8608333333333333
370,3.4491666666666663
371,2.9101666666666666
372,3.9019047619047615
373,3.1278333333333337
374,2.727166666666667
375,3.1278333333333337
376,3.4739166666666663
377,4.161666666666667
378,3.3166666666666664
379,2.130666666666667
380,3.510333333333333
381,2.3888333333333334
382,1.4203333333333337
383,0.928047619047619
384,1.9599999999999997
385,3.3675
386,2.633476190476191
387,5.005571428571429
388,4.359166666666666
389,3.3255
390,3.099904761904762
391,3.064333333333334
392,2.720833333333333
393,2.3288333333333338
394,2.884333333333333
395,2.4448333333333334
396,2.4735
397,3.9935714285714283
398,2.9623333333333335
399,2.4219047619047616
400,3.9935714285714283
401,3.8507380952380945
402,4.473
403,4.473
404,3.560166666666667
405,3.1290000000000004
406,3.063833333333333
407,3.700833333333333
408,3.5453333333333337
409,2.365
410,3.240261904761905
411,3.8368333333333333
412,3.1032738095238095
413,2.5349999999999997
414,2.2266666666666666
415,3.520666666666666
416,3.7002619047619048
417,2.4748333333333337
418,2.4004999999999996
419,0.9212857142857144
420,2.695238095238095
421,2.8315
422,2.9695000000000005
423,1.7664999999999997
424,3.2353333333333336
425,1.7848333333333333
426,3.5704999999999996
427,3.7590714285714286
428,4.8888333333333325
429,3.832833333333333
430,3.832833333333333
431,3.832833333333333
432,4.797071428571429
433,4.308571428571429
434,4.308571428571429
435,4.814
436,0.8249761904761904
437,5.027452380952381
438,4.8518333333333326
439,2.591833333333333
440,2.7681666666666667
441,2.8273333333333337
442,2.248833333333333
443,2.7268333333333334
444,3.008000000000001
445,2.313333333333333
446,2.8713333333333337
447,2.534666666666667
448,3.0988333333333333
449,2.5628333333333337
450,2.403166666666667
451,2.522166666666667
452,2.636833333333334
453,2.881666666666667
454,3.277166666666667
455,4.469666666666666
456,2.9625
457,3.9935714285714283
458,3.9935714285714283
459,4.473
460,3.277166666666667
461,3.3505000000000007
462,3.4573333333333336
463,3.0490714285714287
464,3.4814285714285713
465,2.647166666666667
466,3.4600000000000004
467,3.4814285714285713
468,3.1333333333333333
469,4.035095238095238
470,1.6098571428571429
471,2.3819999999999997
472,1.449595238095238
473,2.2043333333333335
474,1.7633333333333334
475,2.1849047619047623
476,0.8405000000000002
477,1.3665
478,1.6141666666666665
479,1.6726904761904766
480,1.6141666666666665
481,2.9960714285714287
482,2.184023809523809
483,2.2325000000000004
484,2.3529999999999998
485,3.0768333333333335
486,0.1425
487,3.6975
488,2.4515714285714285
489,3.0768333333333335
490,1.9723333333333333
491,2.3208333333333333
492,4.021738095238095
493,2.373309523809524
494,2.9960714285714287
495,1.2540000000000002
496,1.7848333333333333
497,1.4001666666666668
498,4.799285714285714
499,2.424166666666667
500,2.3021666666666665
501,2.895833333333334
502,2.908833333333334
503,3.1866666666666674
504,3.2336666666666667
505,1.8841666666666665
506,2.4225
507,2.9134999999999995
508,3.3895
509,3.3041666666666663
510,2.5966666666666662
511,3.1096666666666666
512,4.1692380952380965
513,3.2394285714285718
514,3.0243333333333338
515,2.891
516,4.736059523809523
517,2.178547619047619
518,3.1068333333333333
519,3.960999999999999
520,1.3665
521,2.187833333333333
522,0.6376666666666666
523,2.1479285714285714
524,1.388833333333333
525,1.388833333333333
526,1.758416666666666
527,2.8474999999999993
528,2.3529999999999998
529,2.3529999999999998
530,2.5010000000000003
531,2.5010000000000003
532,2.5010000000000003
533,0.9593333333333333
534,2.2301666666666664
535,3.152166666666667
536,3.823404761904762
537,5.009333333333333
538,3.2671666666666668
539,2.424166666666667
540,2.4913333333333334
541,3.5381666666666667
542,2.755833333333334
543,3.5381666666666667
544,2.755833333333334
545,2.755833333333334
546,2.755833333333334
547,2.452166666666667
548,2.422833333333333
549,2.4905
550,2.3021666666666665
551,2.7495000000000003
552,3.04
553,2.7576666666666667
554,2.5645000000000007
555,2.2693333333333334
556,3.350666666666667
557,3.0947499999999994
558,2.536166666666667
559,3.132166666666667
560,2.881666666666667
561,2.6873333333333336
562,4.355761904761905
563,4.249833333333333
564,2.5540000000000003
565,2.5894999999999997
566,3.1255
567,4.831309523809524
568,4.328452380952381
569,4.734166666666667
570,4.366833333333333
571,3.9543333333333335
572,4.665738095238095
573,3.8401904761904757
574,3.252333333333333
575,3.9543333333333335
576,3.9604166666666667
577,3.1068333333333333
578,1.980071428571429
579,2.042666666666667
580,3.3985000000000003
581,1.709166666666667
582,0.9221666666666668
583,1.720404761904762
584,1.720404761904762
585,0.6375
586,0.5473333333333333
587,2.373166666666667
588,1.2279523809523811
589,1.0160952380952382
590,2.1823333333333337
591,1.190238095238095
592,2.7509999999999994
593,4.035
594,2.6472380952380945
595,2.8209999999999997
596,2.8386666666666667
597,3.1325
598,3.1842499999999996
599,2.603
600,3.2319999999999998
601,2.708666666666667
602,3.654238095238095
603,2.3819404761904757
604,3.1325
605,2.694
606,2.708666666666667
607,2.694
608,2.2255000000000003
609,2.694
610,3.2319999999999998
611,3.1873333333333336
612,2.694
613,3.152166666666667
614,3.152166666666667
615,2.4623333333333335
616,3.823404761904762
617,3.7130714285714284
618,4.014666666666667
619,4.434738095238095
620,2.3368333333333333
621,2.362
622,2.3368333333333333
623,2.2506666666666666
624,2.796333333333334
625,2.4866666666666664
626,2.654
627,2.855
628,2.282166666666667
629,2.741071428571429
630,2.6638333333333333
631,2.5164999999999997
632,2.282166666666667
633,2.480833333333333
634,2.586333333333333
635,2.5438333333333336
636,2.7374999999999994
637,2.965
638,2.292666666666667
639,2.5393333333333334
640,2.363
641,3.073
642,4.068761904761905
643,3.105833333333334
644,3.0375
645,3.830404761904762
646,3.1583333333333337
647,2.602166666666667
648,2.1081666666666665
649,2.3321666666666667
650,4.815904761904762
651,4.638738095238095
652,4.446095238095239
653,4.549738095238095
654,4.612500000000001
655,4.7715476190476185
656,4.524333333333333
657,4.738428571428572
658,4.609404761904761
659,3.963690476190476
660,3.689416666666667
661,1.8969166666666668
662,3.314666666666667
663,2.0909999999999997
664,3.3931666666666667
665,2.9501666666666666
666,3.0845000000000002
667,0.1753333333333333
668,0.9559761904761903
669,0.5944047619047619
670,3.0698333333333334
671,0.5944047619047619
672,2.1201071428571425
673,1.7063571428571427
674,3.615666666666667
675,1.676690476190476
676,1.676690476190476
677,2.1201071428571425
678,2.1823333333333337
679,3.3991666666666664
680,2.8482380952380955
681,2.271833333333333
682,0.8090714285714288
683,2.2641666666666667
684,3.3991666666666664
685,1.4226666666666667
686,3.7245
687,2.221833333333333
688,3.1325
689,2.650833333333334
690,3.1325
691,3.460666666666667
692,3.4823333333333335
693,3.1456666666666666
694,2.117083333333333
695,3.4789999999999996
696,2.194857142857142
697,3.2100000000000004
698,2.708666666666667
699,3.1456666666666666
700,3.1456666666666666
701,3.7919047619047617
702,3.1456666666666666
703,3.7919047619047617
704,3.7919047619047617
705,3.7919047619047617
706,3.7919047619047617
707,3.7919047619047617
708,1.60947619047619
709,2.694
710,1.9268333333333332
711,2.9515000000000002
712,4.434738095238095
713,2.4556666666666667
714,4.878333333333334
715,3.2737380952380954
716,2.3569999999999998
717,2.8570000000000007
718,2.797738095238095
719,2.3815
720,3.0593333333333335
721,2.3978333333333333
722,2.905666666666667
723,3.048833333333333
724,2.3541666666666665
725,2.4179999999999997
726,2.8016666666666676
727,2.988833333333334
728,2.708666666666667
729,3.106333333333333
730,1.8262380952380952
731,2.5313333333333334
732,2.5801666666666665
733,4.839821428571428
734,2.027595238095238
735,1.8124999999999998
736,4.651095238095238
737,3.9185
738,3.8246666666666673
739,3.7280000000000006
740,3.446095238095238
741,4.932452380952381
742,4.859714285714286
743,4.575
744,4.784952380952381
745,4.7542857142857144
746,3.963690476190476
747,4.14575
748,3.5408333333333335
749,3.46875
750,3.6395
751,3.6471666666666662
752,0.6371428571428571
753,0.6371428571428571
754,3.8901666666666666
755,3.7986666666666666
756,2.7056666666666667
757,4.558380952380952
758,2.7056666666666667
759,2.042666666666667
760,2.1694999999999998
761,2.042666666666667
762,2.4735
763,2.8975833333333334
764,2.3088333333333333
765,2.2828333333333335
766,1.7534999999999998
767,0.6461666666666668
768,3.0698333333333334
769,0.8558333333333334
770,2.9405952380952387
771,0.4736666666666666
772,2.3901666666666666
773,2.970666666666667
774,0.7275952380952382
775,3.3991666666666664
776,2.0118571428571426
777,0.9287857142857144
778,2.0118571428571426
779,2.0118571428571426
780,2.0118571428571426
781,3.5196666666666676
782,2.0118571428571426
783,0.9287857142857144
784,2.0118571428571426
785,0.9287857142857144
786,4.442738095238095
787,2.666428571428571
788,2.029404761904762
789,2.6984999999999997
790,3.1456666666666666
791,3.1456666666666666
792,3.1456666666666666
793,3.1456666666666666
794,3.1456666666666666
795,3.322404761904761
796,2.5096666666666665
797,2.875571428571428
798,2.5983333333333327
799,2.700273809523809
800,3.4789999999999996
801,2.0225
802,3.3897500000000003
803,2.2024166666666662
804,2.2024166666666662
805,1.2425
806,1.238595238095238
807,3.039166666666667
808,3.3175
809,2.904
810,2.2636666666666665
811,2.448
812,2.4415
813,2.3134047619047617
814,4.070166666666666
815,2.922738095238095
816,3.095333333333333
817,3.0937380952380953
818,1.7798333333333332
819,3.279333333333333
820,1.6170714285714285
821,3.128833333333333
822,3.128833333333333
823,2.7728333333333337
824,1.9743333333333337
825,2.4179999999999997
826,3.0654999999999997
827,2.3153333333333332
828,2.3153333333333332
829,1.8262380952380952
830,3.0741666666666667
831,1.537928571428571
832,4.294
833,4.3114404761904765
834,3.326833333333334
835,2.4968333333333335
836,4.756523809523809
837,3.119428571428571
838,2.1684166666666664
839,3.072011904761904
840,0.7046666666666668
841,0.8836666666666667
842,0.8141666666666667
843,1.9421666666666664
844,2.8975833333333334
845,1.4008333333333334
846,2.6585
847,1.7858333333333332
848,2.7501666666666664
849,0.8131666666666668
850,3.043333333333333
851,1.5204999999999997
852,1.5204999999999997
853,2.460666666666667
854,0.9287857142857144
855,1.131595238095238
856,2.213833333333333
857,3.4854999999999996
858,2.541833333333333
859,3.5661666666666663
860,0.9287857142857144
861,2.975666666666667
862,2.265833333333333
863,2.213833333333333
864,2.460666666666667
865,2.213833333333333
866,2.213833333333333
867,2.213833333333333
868,2.213833333333333
869,2.029404761904762
870,2.213833333333333
871,2.213833333333333
872,0.9287857142857144
873,0.6691666666666666
874,0.9287857142857144
875,0.9287857142857144
876,2.213833333333333
877,2.213833333333333
878,2.213833333333333
879,2.029404761904762
880,2.029404761904762
881,0.8767619047619049
882,1.1627380952380955
883,3.635238095238096
884,1.614595238095238
885,1.614595238095238
886,1.614595238095238
887,1.614595238095238
888,0.326
889,1.8038571428571428
890,3.9904999999999995
891,3.88425
892,2.996833333333333
893,3.3216666666666663
894,2.1900000000000004
895,3.0313333333333334
896,3.2183333333333333
897,2.3245
898,2.1334999999999997
899,2.824571428571429
900,2.476916666666667
901,2.281
902,3.5626785714285716
903,3.4035
904,3.4230952380952373
905,4.483499999999999
906,4.151249999999999
907,2.8138333333333336
908,1.7340714285714285
909,2.836571428571429
910,2.825
911,3.177
912,2.2858333333333336
913,3.3938333333333337
914,3.5340000000000003
915,4.240166666666666
916,3.2191666666666667
917,4.3278333333333325
918,2.6224285714285713
919,2.77
920,2.3153333333333332
921,2.035904761904762
922,1.394595238095238
923,1.7243333333333333
924,4.600583333333334
925,1.4965952380952379
926,4.262928571428572
927,4.220071428571428
928,2.1684166666666664
929,2.1616071428571426
930,2.1684166666666664
931,2.1616071428571426
932,2.1616071428571426
933,2.1616071428571426
934,2.1616071428571426
935,2.1616071428571426
936,2.1616071428571426
937,1.8829285714285715
938,3.4992499999999995
939,2.1684166666666664
940,3.4992499999999995
941,4.4627380952380955
942,2.1684166666666664
943,2.1684166666666664
944,2.1684166666666664
945,2.1616071428571426
946,3.2260000000000004
947,2.99225
948,1.8829285714285715
949,1.530833333333333
950,3.072011904761904
951,3.033333333333333
952,2.4698333333333333
953,2.8368333333333333
954,3.3905952380952376
955,3.970047619047618
956,3.9328333333333334
957,3.9328333333333334
958,1.9661666666666668
959,1.9661666666666668
960,1.9661666666666668
961,0.195
962,0.47390476190476183
963,0.195
964,0.8141666666666667
965,0.195
966,0.8141666666666667
967,4.008666666666667
968,3.1352857142857142
969,0.195
970,0.47390476190476183
971,0.47390476190476183
972,0.10166666666666666
973,4.008666666666667
974,3.501666666666667
975,2.042595238095238
976,3.501666666666667
977,3.043333333333333
978,3.0291666666666663
979,1.4899166666666668
980,1.5204999999999997
981,1.4899166666666668
982,2.317357142857143
983,0.8700000000000001
984,1.2623333333333333
985,0.5271904761904761
986,2.317357142857143
987,2.317357142857143
988,2.2903333333333333
989,2.467571428571429
990,2.2903333333333333
991,2.2903333333333333
992,2.3732619047619052
993,3.503833333333333
994,2.2064999999999997
995,2.1350000000000002
996,0.19799999999999998
997,2.3744166666666664
998,2.0125952380952383
999,2.1398928571428573
1000,1.435595238095238
1001,2.3191666666666664
1002,2.3191666666666664
1003,2.5987380952380956
1004,1.614595238095238
1005,2.5987380952380956
1006,3.1933333333333334
1007,2.73025
1008,1.1946666666666668
1009,2.525
1010,3.1933333333333334
1011,1.1946666666666668
1012,0.7943333333333336
1013,1.1946666666666668
1014,0.8388333333333334
1015,4.065
1016,0.8388333333333334
1017,3.1933333333333334
1018,1.1946666666666668
1019,1.1946666666666668
1020,1.8038571428571428
1021,3.277833333333333
1022,3.712166666666667
1023,4.065
1024,3.4077500000000005
1025,3.151333333333333
1026,3.8255
1027,2.6010000000000004
1028,3.161000000000001
1029,2.3000714285714285
1030,2.6118333333333332
1031,1.7598333333333331
1032,2.4596666666666667
1033,2.999166666666667
1034,3.6635000000000004
1035,2.6710714285714285
1036,2.4616666666666664
1037,3.4563333333333333
1038,3.4035
1039,3.4563333333333333
1040,2.7335714285714285
1041,3.3930000000000002
1042,3.6408333333333336
1043,2.648833333333334
1044,2.457
1045,2.5071666666666665
1046,2.674
1047,2.7366666666666664
1048,1.939
1049,2.437333333333333
1050,3.009404761904763
1051,3.3938333333333337
1052,2.239833333333333
1053,1.7750714285714286
1054,3.0073333333333334
1055,3.0596666666666668
1056,3.6617619047619048
1057,2.5254761904761907
1058,2.7710000000000004
1059,2.7710000000000004
1060,2.7710000000000004
1061,3.2202619047619048
1062,2.7710000000000004
1063,3.3872619047619055
1064,3.1500000000000004
1065,2.1262380952380955
1066,1.923273809523809
1067,1.254595238095238
1068,2.8101666666666665
1069,2.8101666666666665
1070,4.4419047619047625
1071,4.3285
1072,2.8479166666666655
1073,3.961333333333334
1074,3.782
1075,3.4992499999999995
1076,3.4992499999999995
1077,4.4627380952380955
1078,4.4627380952380955
1079,4.4627380952380955
1080,4.4627380952380955
1081,3.4992499999999995
1082,4.4627380952380955
1083,4.101571428571429
1084,3.146119047619048
1085,3.062666666666667
1086,2.213333333333333
1087,3.062666666666667
1088,3.157833333333333
1089,2.3095000000000003
1090,2.3095000000000003
1091,3.419166666666667
1092,1.9315714285714287
1093,3.7867380952380953
1094,3.3905952380952376
1095,4.071833333333334
1096,3.1352857142857142
1097,4.169083333333333
1098,3.468583333333333
1099,4.294833333333333
1100,1.5513333333333332
1101,1.9016666666666666
1102,1.9923333333333333
1103,1.8567619047619044
1104,2.182166666666667
1105,2.182166666666667
1106,1.5513333333333332
1107,0.6653333333333333
1108,2.220904761904762
1109,1.8085
1110,3.6086666666666667
1111,2.5151904761904755
1112,2.5151904761904755
1113,2.4198571428571425
1114,0.5696666666666667
1115,1.5536666666666668
1116,1.5390000000000001
1117,0.8668333333333336
1118,1.7335
1119,2.5151904761904755
1120,2.423238095238096
1121,2.853333333333333
1122,2.7997619047619042
1123,0.794
1124,1.1946666666666668
1125,3.168
1126,0.9105952380952382
1127,1.5775
1128,3.1933333333333334
1129,1.483095238095238
1130,1.483095238095238
1131,1.483095238095238
1132,1.3540952380952378
1133,4.20825
1134,1.483095238095238
1135,3.1933333333333334
1136,1.483095238095238
1137,3.1933333333333334
1138,1.353452380952381
1139,4.043333333333333
1140,3.378595238095238
1141,2.7448333333333337
1142,3.6966666666666668
1143,2.3531666666666666
1144,2.123666666666667
1145,3.4097857142857144
1146,3.683119047619048
1147,1.5683333333333334
1148,2.9505
1149,3.554
1150,3.4503333333333344
1151,2.6025
1152,3.3185
1153,2.5133333333333336
1154,3.3872619047619055
1155,3.3872619047619055
1156,3.125333333333333
1157,3.661
1158,3.3872619047619055
1159,3.2210952380952382
1160,2.543166666666667
1161,2.6075
1162,4.041238095238095
1163,2.9015
1164,2.9015
1165,3.873345238095238
1166,3.4859166666666663
1167,1.6906666666666663
1168,1.9333333333333333
1169,3.7833333333333337
1170,3.6900952380952377
1171,3.399166666666667
1172,3.0975000000000006
1173,2.7395833333333326
1174,2.6435000000000004
1175,2.6435000000000004
1176,2.6435000000000004
1177,2.6435000000000004
1178,1.9599999999999997
1179,2.6435000000000004
1180,2.6435000000000004
1181,3.52225
1182,2.7453333333333325
1183,3.5347500000000003
1184,2.7166666666666663
1185,3.818416666666667
1186,3.818416666666667
1187,3.8389166666666665
1188,0.493
1189,3.3713333333333333
1190,3.836666666666667
1191,3.9361547619047625
1192,3.9159999999999995
1193,1.2026666666666666
1194,3.5745
1195,1.1605
1196,1.1605
1197,3.9158333333333335
1198,4.022
1199,1.7798333333333332
1200,2.0145
1201,2.569666666666667
1202,1.913333333333333
1203,1.7798333333333332
1204,2.0145
1205,2.0496666666666665
1206,0.9744047619047619
1207,1.9878333333333333
1208,0.3626666666666666
1209,0.9273333333333335
1210,1.5440000000000003
1211,1.5390000000000001
1212,2.8723333333333327
1213,3.2762380952380954
1214,0.08666666666666666
1215,1.436642857142857
1216,2.5211428571428574
1217,2.5211428571428574
1218,1.7185
1219,1.6110952380952377
1220,2.3304166666666664
1221,2.0511666666666666
1222,2.0511666666666666
1223,3.069666666666667
1224,3.069666666666667
1225,3.0727499999999996
1226,3.0727499999999996
1227,3.168
1228,2.348047619047619
1229,3.168
1230,2.348047619047619
1231,2.348047619047619
1232,2.348047619047619
1233,2.348047619047619
1234,2.348047619047619
1235,0.3473333333333333
1236,1.856595238095238
1237,1.4006666666666667
1238,0.6701666666666668
1239,1.8926666666666667
1240,2.1796190476190476
1241,2.700500000000001
1242,1.2309047619047622
1243,2.196190476190476
1244,2.196190476190476
1245,2.1796190476190476
1246,2.763761904761905
1247,4.528833333333333
1248,2.638166666666667
1249,4.528833333333333
1250,4.528833333333333
1251,3.1525
1252,2.6872380952380954
1253,2.497095238095238
1254,3.036583333333334
1255,3.4033333333333338
1256,3.616833333333334
1257,2.7058333333333335
1258,2.880833333333334
1259,4.280833333333335
1260,3.7826190476190464
1261,2.693833333333333
1262,3.019
1263,2.4476666666666667
1264,2.462166666666667
1265,2.4129999999999994
1266,3.2424999999999993
1267,2.8866666666666663
1268,1.7948333333333333
1269,2.966833333333333
1270,2.275238095238095
1271,2.8477619047619047
1272,3.8804999999999996
1273,3.510666666666667
1274,3.004833333333333
1275,3.004833333333333
1276,3.20125
1277,1.921
1278,2.9338333333333333
1279,3.7516666666666665
1280,2.6025
1281,0.41200000000000003
1282,0.41200000000000003
1283,0.7321666666666666
1284,3.1536666666666666
1285,2.2004285714285716
1286,0.7321666666666666
1287,3.0073095238095235
1288,2.5608333333333335
1289,2.6075
1290,3.2989285714285717
1291,2.517666666666667
1292,2.5028333333333332
1293,1.261666666666667
1294,3.6260000000000003
1295,3.675583333333334
1296,2.6475
1297,3.5834166666666665
1298,2.2237380952380956
1299,4.217547619047619
1300,3.2809999999999997
1301,3.2809999999999997
1302,2.6435000000000004
1303,3.2809999999999997
1304,2.7515119047619043
1305,3.2809999999999997
1306,3.2809999999999997
1307,3.2809999999999997
1308,3.2809999999999997
1309,3.2809999999999997
1310,3.2809999999999997
1311,3.2809999999999997
1312,3.2809999999999997
1313,3.2809999999999997
1314,3.2809999999999997
1315,1.5588214285714286
1316,2.7453333333333325
1317,2.7453333333333325
1318,3.52225
1319,3.614904761904762
1320,3.602833333333333
1321,0.6734285714285716
1322,3.5003333333333337
1323,2.7166666666666663
1324,2.7166666666666663
1325,1.8186904761904763
1326,2.3728333333333333
1327,2.3728333333333333
1328,2.3728333333333333
1329,0.7844166666666668
1330,2.4861666666666666
1331,2.4861666666666666
1332,0.6708333333333334
1333,3.6807380952380955
1334,1.7798333333333332
1335,2.094166666666667
1336,2.3728333333333333
1337,1.7798333333333332
1338,2.3728333333333333
1339,1.7798333333333332
1340,2.3728333333333333
1341,1.7798333333333332
1342,3.2813333333333325
1343,2.3728333333333333
1344,1.7798333333333332
1345,2.3728333333333333
1346,1.7798333333333332
1347,2.3728333333333333
1348,2.3728333333333333
1349,2.888333333333333
1350,2.094166666666667
1351,2.3728333333333333
1352,2.3728333333333333
1353,1.8090714285714284
1354,1.7466666666666664
1355,2.0496666666666665
1356,1.9878333333333333
1357,3.115654761904762
1358,1.9878333333333333
1359,2.0496666666666665
1360,1.5440000000000003
1361,1.5440000000000003
1362,2.0496666666666665
1363,3.6025000000000005
1364,3.632833333333333
1365,1.5440000000000003
1366,2.1013333333333337
1367,1.5440000000000003
1368,2.0215000000000005
1369,3.571500000000001
1370,2.3304166666666664
1371,2.3304166666666664
1372,2.3304166666666664
1373,2.096166666666667
1374,2.3304166666666664
1375,2.3304166666666664
1376,2.3304166666666664
1377,2.3304166666666664
1378,4.0195
1379,2.448261904761905
1380,2.1013333333333337
1381,1.9764999999999997
1382,1.9764999999999997
1383,1.9764999999999997
1384,2.104333333333334
1385,1.9764999999999997
1386,2.096166666666667
1387,2.104333333333334
1388,2.266261904761905
1389,2.080166666666667
1390,1.72
1391,2.045666666666667
1392,2.7797380952380957
1393,2.9798214285714284
1394,0.3446666666666667
1395,2.7999047619047612
1396,3.0124999999999993
1397,3.0727499999999996
1398,2.348047619047619
1399,1.7321666666666666
1400,1.7321666666666666
1401,1.7321666666666666
1402,3.643071428571428
1403,2.7999047619047612
1404,2.7999047619047612
1405,3.2048333333333336
1406,3.6627380952380952
1407,1.4768333333333334
1408,3.7015000000000002
1409,3.6331666666666673
1410,0.3473333333333333
1411,3.2081666666666666
1412,1.4768333333333334
1413,2.638166666666667
1414,2.638166666666667
1415,2.638166666666667
1416,2.638166666666667
1417,2.1515
1418,2.968833333333334
1419,4.022
1420,4.3975
1421,3.0405
1422,2.727166666666667
1423,3.0141666666666667
1424,2.5653333333333337
1425,4.033
1426,2.4355
1427,2.4926666666666666
1428,2.648571428571428
1429,3.405
1430,1.5758333333333332
1431,2.8477619047619047
1432,1.9915714285714288
1433,0.9278333333333335
1434,1.1980000000000002
1435,2.3943333333333334
1436,4.005738095238096
1437,3.2002619047619048
1438,3.2002619047619048
1439,3.337761904761905
1440,3.2002619047619048
1441,2.5938333333333334
1442,3.672333333333333
1443,3.7415000000000003
1444,3.529666666666667
1445,2.3456785714285715
1446,1.8713333333333335
1447,2.4145238095238097
1448,2.22
1449,1.6196666666666666
1450,1.3147857142857142
1451,2.4145238095238097
1452,2.7992380952380955
1453,1.6726666666666663
1454,2.145
1455,3.331166666666667
1456,2.6475
1457,1.345095238095238
1458,2.7515119047619043
1459,2.741583333333333
1460,2.741583333333333
1461,3.2809999999999997
1462,3.2809999999999997
1463,3.2809999999999997
1464,3.2809999999999997
1465,1.827273809523809
1466,1.8559404761904759
1467,0.28
1468,1.5914523809523806
1469,1.785333333333333
1470,1.9824999999999997
1471,3.5003333333333337
1472,1.3043333333333333
1473,2.074345238095238
1474,1.2754285714285714
1475,1.4041666666666666
1476,1.7508333333333335
1477,2.562190476190476
1478,2.4871666666666665
1479,2.1285
1480,2.1979047619047622
1481,1.5891190476190473
1482,1.7376666666666665
1483,2.742833333333333
1484,1.7798333333333332
1485,1.7798333333333332
1486,1.7798333333333332
1487,1.7798333333333332
1488,1.7798333333333332
1489,1.8090714285714284
1490,1.5891190476190473
1491,1.5986666666666665
1492,1.2147142857142859
1493,1.5891190476190473
1494,3.0506666666666664
1495,2.401333333333333
1496,2.6223333333333336
1497,0.192
1498,2.2599285714285715
1499,2.441166666666667
1500,3.8060714285714283
1501,0.7206904761904762
1502,1.9764999999999997
1503,1.9764999999999997
1504,2.2599285714285715
1505,1.4868333333333335
1506,1.6001666666666667
1507,3.9444999999999997
1508,3.9444999999999997
1509,2.3233333333333333
1510,3.9398333333333335
1511,1.9764999999999997
1512,3.9398333333333335
1513,1.9764999999999997
1514,3.9398333333333335
1515,0.2966666666666667
1516,2.458833333333333
1517,3.9398333333333335
1518,1.6591666666666667
1519,1.9764999999999997
1520,0.426
1521,1.0537380952380953
1522,0.512
1523,3.216833333333333
1524,2.659833333333333
1525,3.216833333333333
1526,1.5371904761904767
1527,2.659833333333333
1528,2.1073333333333335
1529,3.396428571428571
1530,2.9668333333333328
1531,4.135333333333333
1532,4.234166666666666
1533,3.0138809523809527
1534,0.9600000000000002
1535,3.7473333333333323
1536,0.3446666666666667
1537,3.9223333333333334
1538,2.888
1539,4.013333333333333
1540,3.724166666666666
1541,3.724166666666666
1542,3.336571428571429
1543,4.165666666666667
1544,3.0149999999999992
1545,2.475
1546,2.4561666666666664
1547,2.854333333333334
1548,3.539166666666666
1549,3.9841666666666664
1550,2.4755000000000003
1551,2.528
1552,1.2006666666666668
1553,0.9885714285714287
1554,0.9885714285714287
1555,0.9885714285714287
1556,2.005833333333334
1557,0.9885714285714287
1558,0.9885714285714287
1559,0.9885714285714287
1560,0.9241666666666666
1561,0.9885714285714287
1562,0.9241666666666666
1563,0.9885714285714287
1564,0.9885714285714287
1565,0.9278333333333335
1566,0.6473333333333332
1567,1.7240952380952381
1568,1.8162499999999997
1569,1.3125952380952381
1570,0.9885714285714287
1571,0.8175000000000001
1572,0.6386904761904763
1573,2.1223571428571426
1574,3.0568333333333335
1575,0.8175000000000001
1576,3.7415000000000003
1577,3.7415000000000003
1578,2.956904761904762
1579,3.8025000000000007
1580,3.672333333333333
1581,2.956904761904762
1582,3.672333333333333
1583,2.7881666666666667
1584,1.6196666666666666
1585,1.334833333333333
1586,2.2235
1587,2.22
1588,3.5905
1589,1.8264999999999998
1590,2.3794285714285714
1591,2.145
1592,3.5905
1593,3.2075
1594,3.5905
1595,3.252
1596,3.6026666666666665
1597,3.555166666666667
1598,3.2075
1599,3.35825
1600,3.5154999999999994
1601,2.2699285714285713
1602,3.5154999999999994
1603,3.5154999999999994
1604,2.9428333333333336
1605,3.5154999999999994
1606,2.6418214285714274
1607,1.3855000000000004
1608,1.589595238095238
1609,1.1188333333333333
1610,3.5154999999999994
1611,0.8496904761904764
1612,1.5959047619047615
1613,1.2655000000000003
1614,2.7191666666666663
1615,1.2622619047619048
1616,0.5413333333333333
1617,0.503
1618,2.0022380952380954
1619,2.614666666666667
1620,2.9048333333333334
1621,2.5276666666666667
1622,2.387083333333333
1623,1.867595238095238
1624,1.7508333333333335
1625,1.7508333333333335
1626,3.2101666666666664
1627,3.724404761904762
1628,3.724404761904762
1629,1.3059166666666666
1630,2.123928571428571
1631,1.923666666666667
1632,1.867595238095238
1633,2.1979047619047622
1634,2.6312380952380954
1635,2.483833333333333
1636,2.4535595238095236
1637,2.9048333333333334
1638,2.9048333333333334
1639,2.9048333333333334
1640,1.867595238095238
1641,1.8509285714285713
1642,1.867595238095238
1643,2.1285
1644,2.4535595238095236
1645,2.387083333333333
1646,2.4535595238095236
1647,2.387083333333333
1648,2.4535595238095236
1649,1.923666666666667
1650,1.867595238095238
1651,1.7646666666666664
1652,1.867595238095238
1653,1.7646666666666664
1654,2.123928571428571
1655,1.7646666666666664
1656,0.24666666666666667
1657,0.152
1658,2.3539285714285714
1659,1.7508333333333335
1660,3.066071428571429
1661,2.3539285714285714
1662,1.3481190476190474
1663,1.450738095238095
1664,1.6909285714285713
1665,3.0380000000000003
1666,1.3757857142857146
1667,1.1905
1668,0.986309523809524
1669,0.986309523809524
1670,2.0305714285714287
1671,2.286833333333333
1672,1.7439285714285715
1673,2.4405
1674,2.161833333333333
1675,2.5835000000000004
1676,2.69
1677,2.69
1678,2.3233333333333333
1679,2.3233333333333333
1680,2.3233333333333333
1681,2.3233333333333333
1682,2.704773809523809
1683,0.3789285714285714
1684,0.3789285714285714
1685,0.3789285714285714
1686,0.3789285714285714
1687,0.7057142857142855
1688,0.7057142857142855
1689,2.5145000000000004
1690,2.5145000000000004
1691,0.3789285714285714
1692,0.3789285714285714
1693,0.3789285714285714
1694,2.5835000000000004
1695,2.5835000000000004
1696,0.3789285714285714
1697,0.3789285714285714
1698,0.3789285714285714
1699,2.5835000000000004
1700,2.5835000000000004
1701,2.5835000000000004
1702,0.3789285714285714
1703,3.1990000000000003
1704,1.3510952380952377
1705,1.7650952380952378
1706,0.9433333333333335
1707,0.3789285714285714
1708,0.526
1709,3.396428571428571
1710,3.396428571428571
1711,4.137619047619047
1712,3.396428571428571
1713,2.5653333333333332
1714,3.270166666666667
1715,2.2756666666666665
1716,2.3302857142857145
1717,2.9288333333333334
1718,3.0525
1719,2.3741666666666665
1720,2.4918333333333336
1721,2.314166666666667
1722,2.7348095238095236
1723,3.4455
1724,3.0571666666666664
1725,2.6208333333333336
1726,3.056
1727,2.6615
1728,2.5625000000000004
1729,2.581666666666666
1730,3.1093333333333333
1731,3.1383333333333336
1732,2.3325
1733,3.222
1734,2.3386666666666667
1735,3.265928571428571
1736,3.4900000000000007
1737,3.121333333333333
1738,3.096
1739,0.7675714285714287
1740,0.8541666666666667
1741,1.689761904761905
1742,0.6306666666666666
1743,1.300952380952381
1744,0.7011428571428573
1745,0.18266666666666662
1746,0.18266666666666662
1747,0.18266666666666662
1748,0.18266666666666662
1749,0.18266666666666662
1750,0.18266666666666662
1751,1.0206904761904765
1752,1.6495952380952383
1753,1.9561071428571426
1754,2.982261904761905
1755,3.278833333333333
1756,3.1267380952380948
1757,2.591833333333333
1758,3.010095238095238
1759,3.9619999999999997
1760,1.913357142857143
1761,3.9619999999999997
1762,1.913357142857143
1763,3.9619999999999997
1764,2.563333333333333
1765,3.1665000000000005
1766,3.3164285714285717
1767,3.0006666666666666
1768,1.6196666666666666
1769,1.8995952380952383
1770,1.5832500000000003
1771,1.5832500000000003
1772,1.5832500000000003
1773,2.1334285714285715
1774,1.3298333333333332
1775,1.3298333333333332
1776,1.3298333333333332
1777,1.4076666666666666
1778,2.035166666666666
1779,2.6306666666666665
1780,1.3298333333333332
1781,2.793
1782,1.5832500000000003
1783,0.48133333333333334
1784,2.3794285714285714
1785,1.3298333333333332
1786,1.3298333333333332
1787,1.5533333333333332
1788,1.5533333333333332
1789,1.5832500000000003
1790,2.3794285714285714
1791,2.3794285714285714
1792,2.3794285714285714
1793,2.9810952380952385
1794,2.8905000000000007
1795,3.9283333333333337
1796,1.6311904761904759
1797,4.141166666666667
1798,4.141166666666667
1799,1.741238095238095
1800,3.811666666666667
1801,3.5154999999999994
1802,2.2699285714285713
1803,4.141166666666667
1804,0.7120000000000001
1805,1.457428571428571
1806,0.8496904761904764
1807,1.8972380952380952
1808,0.7656666666666667
1809,0.9063095238095237
1810,1.8972380952380952
1811,2.861666666666667
1812,1.8972380952380952
1813,0.9161666666666668
1814,2.8789999999999996
1815,1.5445714285714283
1816,1.8972380952380952
1817,1.7898333333333332
1818,3.399928571428571
1819,2.4535595238095236
1820,1.3695238095238094
1821,1.3252142857142857
1822,0.3548333333333333
1823,0.7055000000000001
1824,0.5936666666666667
1825,0.7055000000000001
1826,0.9644761904761903
1827,0.4130952380952381
1828,0.4130952380952381
1829,0.4130952380952381
1830,0.4130952380952381
1831,0.3993333333333333
1832,0.25000000000000006
1833,0.7453333333333334
1834,1.2658333333333331
1835,3.8648333333333333
1836,3.5486666666666666
1837,0.25000000000000006
1838,1.7338333333333333
1839,0.8453333333333335
1840,3.8648333333333333
1841,3.8648333333333333
1842,3.8648333333333333
1843,2.168166666666667
1844,2.0305714285714287
1845,3.125833333333333
1846,2.07
1847,3.233333333333333
1848,3.8233333333333333
1849,2.712166666666667
1850,3.574738095238095
1851,3.258000000000001
1852,2.8950714285714287
1853,2.1823333333333332
1854,2.9348333333333327
1855,3.2994166666666667
1856,2.5905000000000005
1857,2.35175
1858,2.4418333333333333
1859,2.8658333333333337
1860,3.108333333333333
1861,3.0243333333333333
1862,3.108333333333333
1863,2.635333333333333
1864,2.2693333333333334
1865,3.5623333333333336
1866,3.2286666666666664
1867,3.1785952380952374
1868,2.738833333333334
1869,2.8441428571428573
1870,3.824333333333334
1871,2.813333333333334
1872,3.2723333333333335
1873,1.452595238095238
1874,1.1923809523809523
1875,1.2305
1876,1.5420238095238092
1877,1.0206904761904765
1878,2.813333333333334
1879,1.472595238095238
1880,1.249
1881,3.3605
1882,1.9561071428571426
1883,3.333333333333333
1884,3.1354999999999995
1885,2.6931666666666674
1886,0.7985000000000001
1887,0.7985000000000001
1888,1.913357142857143
1889,1.913357142857143
1890,4.084404761904762
1891,1.913357142857143
1892,0.7985000000000001
1893,1.913357142857143
1894,3.1665000000000005
1895,1.913357142857143
1896,3.1665000000000005
1897,1.913357142857143
1898,2.6931666666666674
1899,1.9931666666666665
1900,2.6931666666666674
1901,0.9303333333333333
1902,1.9311666666666665
1903,0.9303333333333333
1904,1.1516666666666666
1905,3.0759999999999996
1906,2.1440714285714293
1907,2.7836666666666674
1908,2.7529999999999997
1909,2.1440714285714293
1910,2.407166666666667
1911,2.494333333333333
1912,1.948285714285714
1913,3.1415
1914,2.7471666666666668
1915,2.545
1916,2.2223333333333333
1917,2.832666666666667
1918,2.468166666666667
1919,3.0565952380952375
1920,1.392928571428571
1921,4.1105
1922,2.3775
1923,1.6231666666666666
1924,2.3775
1925,1.8479285714285714
1926,2.3538333333333328
1927,2.018166666666667
1928,2.0180000000000002
1929,3.7028333333333334
1930,2.473261904761905
1931,0.18266666666666662
1932,1.3855000000000004
1933,2.7341666666666664
1934,2.0231547619047614
1935,2.9544166666666665
1936,2.1565
1937,2.4739999999999998
1938,1.6222619047619042
1939,0.18266666666666662
1940,2.9995833333333333
1941,1.8963333333333336
1942,1.8963333333333336
1943,0.5673333333333334
1944,2.1395
1945,2.1395
1946,2.1395
1947,1.2828095238095238
1948,1.8699047619047622
1949,2.073166666666667
1950,1.8624285714285715
1951,2.6786666666666665
1952,1.8699047619047622
1953,0.3548333333333333
1954,2.2119404761904757
1955,2.781833333333333
1956,2.4109404761904756
1957,2.811666666666667
1958,2.354333333333333
1959,2.4928333333333335
1960,0.4130952380952381
1961,0.4130952380952381
1962,0.501
1963,1.5501666666666665
1964,1.7338333333333333
1965,3.3083333333333336
1966,1.5501666666666665
1967,1.5501666666666665
1968,1.5501666666666665
1969,1.7338333333333333
1970,1.7338333333333333
1971,1.7338333333333333
1972,3.613
1973,1.7338333333333333
1974,0.9596428571428572
1975,2.489178571428571
1976,3.3083333333333336
1977,3.3083333333333336
1978,2.1630000000000003
1979,2.4330000000000003
1980,1.3373333333333333
1981,1.8718452380952377
1982,1.2405
1983,2.292666666666667
1984,3.8233333333333333
1985,3.8233333333333333
1986,1.9542619047619043
1987,5.043714285714286
1988,3.8233333333333333
1989,3.302
1990,2.8791666666666664
1991,3.302
1992,3.7048333333333336
1993,2.5612380952380955
1994,3.420595238095238
1995,2.962833333333333
1996,4.658
1997,4.0906666666666665
1998,3.563833333333333
1999,3.3615714285714287
2000,2.8340000000000005
2001,2.8466666666666662
2002,2.2398333333333333
2003,2.3480000000000003
2004,2.1919999999999997
2005,3.6485000000000003
2006,3.6485000000000003
2007,0.6975714285714285
2008,1.3605714285714285
2009,1.4090476190476193
2010,1.329047619047619
2011,1.1923809523809523
2012,1.1972142857142858
2013,1.472595238095238
2014,0.862
2015,1.9312619047619046
2016,4.339833333333333
2017,2.521333333333333
2018,2.335928571428572
2019,2.4247499999999995
2020,2.521333333333333
2021,2.335928571428572
2022,2.1846666666666668
2023,0.6835714285714286
2024,2.335928571428572
2025,2.3415
2026,2.545
2027,1.4025238095238097
2028,3.166666666666666
2029,1.392928571428571
2030,2.2104166666666667
2031,3.2452380952380953
2032,1.8998571428571425
2033,2.4692500000000006
2034,2.2104166666666667
2035,0.9238333333333335
2036,1.8277380952380948
2037,3.8279166666666673
2038,3.4896666666666665
2039,3.283333333333333
2040,1.1219285714285714
2041,1.8349999999999997
2042,2.460666666666667
2043,2.0180000000000002
2044,2.681
2045,0.14166666666666666
2046,1.9150714285714288
2047,0.6998333333333333
2048,1.9268333333333334
2049,1.6768333333333332
2050,2.0965714285714285
2051,1.2620238095238094
2052,2.0965714285714285
2053,3.137916666666667
2054,2.005345238095238
2055,1.5271904761904762
2056,1.245857142857143
2057,0.22666666666666666
2058,3.2966666666666664
2059,1.0350476190476192
2060,2.8725833333333326
2061,0.46266666666666667
2062,0.9677380952380953
2063,1.2405
2064,0.46266666666666667
2065,2.8725833333333326
2066,2.8725833333333326
2067,2.2798333333333334
2068,0.9100000000000001
2069,1.0873571428571431
2070,0.7414047619047619
2071,2.3561666666666663
2072,3.733833333333333
2073,4.82147619047619
2074,5.043714285714286
2075,4.290666666666666
2076,2.948404761904762
2077,2.8594999999999997
2078,2.341738095238095
2079,2.4731666666666667
2080,2.390761904761905
2081,3.206488095238095
2082,2.314833333333333
2083,3.727
2084,2.1446666666666663
2085,3.407333333333334
2086,3.7846666666666664
2087,3.399166666666667
2088,2.703166666666667
2089,2.5158333333333336
2090,2.9971666666666668
2091,2.4327380952380953
2092,3.172416666666667
2093,3.209738095238095
2094,3.209738095238095
2095,3.5737380952380953
2096,2.197345238095238
2097,2.4135
2098,2.7648333333333337
2099,1.048
2100,3.091833333333333
2101,1.580833333333333
2102,1.0225952380952381
2103,1.3373809523809523
2104,2.472666666666667
2105,2.0745
2106,2.983333333333333
2107,3.1833333333333336
2108,3.5684285714285715
2109,2.913761904761905
2110,2.983333333333333
2111,2.983333333333333
2112,2.1248333333333336
2113,1.6240714285714282
2114,3.0763333333333334
2115,2.4247499999999995
2116,0.7469166666666667
2117,0.6835714285714286
2118,1.8156190476190475
2119,1.3299047619047615
2120,2.975261904761905
2121,2.9284047619047624
2122,2.1364285714285716
2123,1.9315119047619047
2124,3.4793333333333334
2125,2.5490000000000004
2126,2.812833333333333
2127,2.812833333333333
2128,1.801345238095238
2129,2.387428571428571
2130,1.2192619047619047
2131,3.6646666666666663
2132,2.2784999999999997
2133,2.1375952380952383
2134,2.1375952380952383
2135,2.1375952380952383
2136,0.7013333333333334
2137,2.1375952380952383
2138,1.8240238095238095
2139,1.3440714285714284
2140,1.534333333333333
2141,1.8496666666666668
2142,1.0852619047619048
2143,1.534333333333333
2144,1.0852619047619048
2145,1.5271904761904762
2146,3.4325000000000006
2147,0.8043333333333332
2148,0.9861666666666669
2149,0.6163333333333334
2150,0.9416666666666665
2151,1.5500000000000003
2152,3.2966666666666664
2153,3.309833333333334
2154,2.816333333333333
2155,4.7073214285714275
2156,2.242238095238095
2157,2.4685
2158,2.909
2159,4.592880952380951
2160,4.024166666666666
2161,2.4613333333333336
2162,3.455261904761905
2163,2.795833333333334
2164,3.8225000000000007
2165,2.833
2166,2.6780714285714287
2167,2.7388333333333335
2168,2.6721666666666666
2169,3.3214047619047626
2170,2.322
2171,2.921833333333333
2172,1.0290714285714286
2173,2.576690476190476
2174,1.239119047619048
2175,1.4951190476190472
2176,3.660809523809524
2177,1.000547619047619
2178,2.362357142857143
2179,3.660809523809524
2180,2.8507619047619044
2181,1.9491666666666665
2182,4.0761666666666665
2183,3.086928571428572
2184,2.0456666666666665
2185,2.411738095238095
2186,2.0411666666666664
2187,3.214166666666667
2188,4.425666666666666
2189,2.2495000000000003
2190,1.4559047619047616
2191,1.4283333333333332
2192,0.39
2193,2.51
2194,0.287
2195,1.4266666666666665
2196,2.0029999999999997
2197,2.091333333333333
2198,0.05
2199,1.4347500000000002
2200,1.7040952380952379
2201,0.8043333333333332
2202,1.6640000000000001
2203,2.932583333333334
2204,0.9239999999999999
2205,1.6640000000000001
2206,3.1973333333333334
2207,3.560333333333333
2208,3.8804999999999996
2209,3.515
2210,3.515
2211,3.241
2212,3.241
2213,2.5471666666666666
2214,3.0540952380952375
2215,3.5568333333333326
2216,2.6758333333333337
2217,2.3450714285714285
2218,2.442404761904762
2219,3.7124285714285707
2220,2.240333333333333
2221,2.6445
2222,2.9616666666666664
2223,3.223666666666667
2224,3.247583333333333
2225,3.1079999999999997
2226,3.467761904761905
2227,3.467761904761905
2228,2.1825
2229,3.5058333333333334
2230,3.247583333333333
2231,3.5086666666666666
2232,2.0870357142857134
2233,0.9040714285714284
2234,1.5406190476190478
2235,0.9040714285714284
2236,3.6220833333333333
2237,1.0788809523809524
2238,2.1460000000000004
2239,3.6220833333333333
2240,3.6220833333333333
2241,0.22266666666666662
2242,1.2681904761904763
2243,0.5258333333333334
2244,1.2681904761904763
2245,3.660809523809524
2246,3.9516666666666667
2247,1.9814285714285713
2248,1.9814285714285713
2249,1.9491666666666665
2250,1.9861666666666664
2251,2.4200952380952376
2252,2.4200952380952376
2253,1.4847619047619047
2254,0.3196666666666667
2255,1.9199999999999997
2256,3.7011190476190476
2257,1.7798333333333332
2258,2.3711666666666664
2259,2.7111428571428577
2260,3.214166666666667
2261,1.4644999999999997
2262,1.4559047619047616
2263,3.5538452380952386
2264,3.0491666666666672
2265,1.9650952380952378
2266,3.2526666666666664
2267,0.23866666666666667
2268,2.799095238095238
2269,1.6545
2270,1.6545
2271,2.932583333333334
2272,1.4347500000000002
2273,1.6545
2274,2.9658333333333338
2275,2.429904761904762
2276,2.932583333333334
2277,1.8313333333333333
2278,3.05425
2279,4.867214285714286
2280,4.817047619047619
2281,4.9860476190476195
2282,4.1113333333333335
2283,3.7644047619047623
2284,4.032666666666667
2285,4.405666666666667
2286,3.6076666666666664
2287,3.560333333333333
2288,4.835333333333333
2289,4.5882619047619055
2290,2.6721666666666666
2291,2.838833333333333
2292,3.721
2293,2.8466666666666667
2294,3.4768333333333334
2295,3.3761666666666663
2296,2.2448333333333337
2297,2.6136666666666666
2298,2.5508333333333333
2299,3.0150000000000006
2300,2.4196666666666666
2301,2.3074999999999997
2302,2.2954999999999997
2303,2.630738095238095
2304,3.225642857142857
2305,2.9400000000000004
2306,4.008333333333333
2307,4.109
2308,3.817821428571428
2309,4.109
2310,3.223666666666667
2311,2.4628333333333337
2312,3.9899999999999993
2313,2.3714999999999997
2314,2.7179999999999995
2315,3.016666666666667
2316,3.9899999999999993
2317,3.9899999999999993
2318,2.0263690476190472
2319,1.1802380952380953
2320,1.028047619047619
2321,0.18733333333333335
2322,2.4076666666666666
2323,0.03
2324,0.03
2325,1.5733571428571427
2326,1.8036666666666668
2327,0.3956666666666666
2328,1.9861666666666664
2329,3.607333333333333
2330,3.838666666666667
2331,2.037261904761905
2332,1.9861666666666664
2333,3.7566666666666664
2334,3.602583333333334
2335,0.6713333333333334
2336,2.4200952380952376
2337,3.0203333333333338
2338,1.109047619047619
2339,4.080666666666667
2340,4.005833333333333
2341,4.0761666666666665
2342,4.0761666666666665
2343,1.109047619047619
2344,1.5672619047619052
2345,1.540833333333333
2346,0.7188095238095238
2347,1.3739999999999997
2348,2.064
2349,2.3215238095238093
2350,3.3285
2351,3.1495000000000006
2352,3.5575
2353,2.2520000000000002
2354,0.5277380952380952
2355,1.5730714285714285
2356,2.7375
2357,2.5229285714285714
2358,2.271642857142857
2359,4.867214285714286
2360,3.9096666666666664
2361,4.433833333333333
2362,3.7170714285714275
2363,4.745214285714286
2364,3.3816666666666664
2365,3.45
2366,3.5562380952380948
2367,4.043833333333334
2368,3.4058333333333337
2369,2.9725
2370,2.4628333333333337
2371,2.9725
2372,2.9725
2373,2.9058333333333333
2374,2.991071428571429
2375,1.0177380952380952
2376,0.737
2377,0.902904761904762
2378,1.028047619047619
2379,1.6130476190476193
2380,1.5733571428571427
2381,1.8608333333333333
2382,1.5733571428571427
2383,0.6662380952380951
2384,3.602583333333334
2385,3.8110119047619047
2386,3.7408333333333332
2387,3.015333333333333
2388,2.3428333333333335
2389,1.3195714285714282
2390,0.7188095238095238
2391,2.064
2392,2.064
2393,2.3310000000000004
2394,2.982166666666666
2395,2.019238095238095
2396,4.187904761904762
2397,1.9364285714285716
2398,1.9858333333333331
2399,4.809571428571428
2400,4.809571428571428
2401,4.2905
2402,4.809571428571428
2403,4.809571428571428
2404,3.520833333333334
2405,4.488333333333333
2406,4.451071428571428
2407,4.2905
2408,4.451071428571428
2409,4.546166666666667
2410,4.744452380952381
2411,4.5965
2412,4.804333333333333
2413,3.6963333333333326
2414,2.2264166666666667
2415,2.333833333333333
2416,3.376666666666667
2417,3.130333333333333
2418,2.32
2419,3.0965833333333337
2420,4.060833333333334
2421,2.8128333333333337
2422,2.8472380952380956
2423,3.831333333333333
2424,1.6130476190476193
2425,2.8238333333333334
2426,1.5264761904761903
2427,1.369
2428,3.1475833333333334
2429,0.5861904761904762
2430,3.015333333333333
2431,0.7261666666666667
2432,3.015333333333333
2433,4.0873333333333335
2434,2.5775952380952383
2435,3.697833333333333
2436,2.020428571428572
2437,3.697833333333333
2438,3.697833333333333
2439,3.0744285714285717
2440,2.3345
2441,2.5031666666666665
2442,1.6704523809523806
2443,2.0166666666666666
2444,0.9842380952380951
2445,1.6704523809523806
2446,0.5985476190476191
2447,1.0672142857142857
2448,3.642833333333333
2449,2.283166666666667
2450,2.376
2451,4.642380952380952
2452,2.1243333333333334
2453,2.8369999999999997
2454,2.634428571428572
2455,3.9890476190476187
2456,4.844738095238095
2457,4.236642857142857
2458,3.63902380952381
2459,3.470452380952381
2460,2.778
2461,3.1086666666666667
2462,2.778
2463,3.413595238095238
2464,2.6501666666666672
2465,2.9161666666666664
2466,3.735333333333334
2467,2.8755
2468,4.1445
2469,2.2798333333333334
2470,2.9448095238095244
2471,2.2798333333333334
2472,3.2904761904761903
2473,2.7141666666666673
2474,2.456083333333334
2475,2.7176666666666667
2476,3.8088333333333333
2477,3.0363333333333333
2478,2.991071428571429
2479,3.8088333333333333
2480,3.091666666666667
2481,3.831333333333333
2482,4.186833333333333
2483,2.760666666666667
2484,2.549
2485,2.998476190476191
2486,2.998476190476191
2487,2.214738095238095
2488,2.705
2489,2.214738095238095
2490,4.384166666666667
2491,2.4563333333333333
2492,2.6854999999999993
2493,2.5055
2494,2.1366666666666667
2495,2.437333333333333
2496,3.0744285714285717
2497,2.984761904761905
2498,2.5055
2499,3.1390833333333323
2500,4.365666666666667
2501,3.6201666666666665
2502,2.918
2503,2.8841666666666663
2504,3.2230000000000008
2505,4.906583333333333
2506,3.411904761904761
2507,5.0845
2508,2.2433095238095233
2509,2.6819047619047622
2510,4.663309523809525
2511,4.832821428571428
2512,4.265238095238095
2513,2.9386666666666668
2514,3.63902380952381
2515,2.405666666666667
2516,2.2533333333333334
2517,2.409666666666667
2518,3.0455
2519,2.6664999999999996
2520,2.9375000000000004
2521,2.186666666666667
2522,3.4290000000000003
2523,2.5873333333333335
2524,3.7399999999999993
2525,2.214738095238095
2526,3.7399999999999993
2527,1.5339285714285718
2528,2.775547619047619
2529,3.523071428571429
2530,2.775547619047619
2531,2.775547619047619
2532,2.775547619047619
2533,3.523071428571429
2534,3.56225
2535,4.384166666666667
2536,2.775547619047619
2537,2.4584999999999995
2538,2.1131904761904763
2539,1.5339285714285718
2540,1.6071904761904765
2541,4.608666666666666
2542,3.701166666666666
2543,3.1390833333333323
2544,4.3905
2545,3.034904761904762
2546,3.935
2547,1.944345238095238
2548,4.459333333333333
2549,4.765499999999999
2550,4.459333333333333
2551,4.634619047619047
2552,5.149047619047619
2553,5.0845
2554,4.455071428571428
2555,2.8988333333333327
2556,5.416797619047619
2557,5.416797619047619
2558,5.609285714285716
2559,5.234785714285714
2560,5.234785714285714
2561,2.8988333333333327
2562,5.234785714285714
2563,5.643952380952381
2564,5.303952380952381
2565,2.7118333333333338
2566,3.31125
2567,3.9108333333333327
2568,3.394238095238095
2569,3.31125
2570,3.413595238095238
2571,3.198166666666666
2572,2.4896666666666665
2573,2.1788333333333334
2574,2.4215
2575,2.6048333333333336
2576,2.4363333333333337
2577,2.2896666666666667
2578,3.113345238095239
2579,3.2090952380952382
2580,2.6539166666666665
2581,3.0106666666666673
2582,2.3591666666666664
2583,3.169166666666667
2584,2.7388333333333335
2585,3.392833333333333
2586,3.461095238095238
2587,2.7239285714285715
2588,1.7898333333333332
2589,2.855333333333333
2590,1.5339285714285718
2591,2.5508333333333337
2592,3.3258571428571435
2593,3.1804999999999994
2594,1.6071904761904765
2595,1.2842142857142858
2596,2.1131904761904763
2597,2.1131904761904763
2598,2.173833333333333
2599,3.098904761904762
2600,2.173833333333333
2601,2.173833333333333
2602,3.1640714285714284
2603,3.99
2604,3.716333333333334
2605,3.2531666666666665
2606,2.758
2607,3.0976666666666666
2608,3.2531666666666665
2609,4.184166666666667
2610,3.289666666666667
2611,3.7932380952380957
2612,3.289666666666667
2613,4.633666666666667
2614,4.929309523809525
2615,4.354666666666667
2616,4.978714285714286
2617,4.455071428571428
2618,5.234785714285714
2619,5.234785714285714
2620,5.495380952380954
2621,4.559809523809523
2622,4.38145238095238
2623,2.874666666666667
2624,3.148833333333333
2625,2.4953333333333343
2626,2.1365
2627,3.911178571428571
2628,3.8376666666666672
2629,3.2654999999999994
2630,2.963
2631,4.030833333333334
2632,3.2284166666666665
2633,1.937833333333333
2634,1.7898333333333332
2635,2.58225
2636,2.85
2637,2.001928571428571
2638,1.762761904761905
2639,3.567166666666667
2640,4.351
2641,3.8679999999999994
2642,2.6480714285714284
2643,4.308595238095238
2644,3.4218333333333333
2645,3.99
2646,4.539666666666666
2647,3.99
2648,4.49
2649,3.2531666666666665
2650,4.200309523809524
2651,4.633666666666667
2652,3.2304999999999997
2653,2.604476190476191
2654,4.3827380952380945
