FID,lat,lng
0,41.39783565,2.167148357
1,41.39800604,2.165978045
2,41.39844091,2.167721487
3,41.39801808,2.168111776
4,41.39891925,2.169815111
5,41.39803654,2.169211175
6,41.39787287,2.171451829
7,41.39796908,2.170344086
8,41.39759004,2.164272904
9,41.39718854,2.165759771
10,41.39715794,2.164698729
11,41.39711384,2.166919772
12,41.39755578,2.167522592
13,41.39713025,2.16807389
14,41.39716672,2.169263615
15,41.39714629,2.170359432
16,41.39701874,2.172552204
17,41.39709779,2.171436369
18,41.39721504,2.162629659
19,41.39675667,2.160818022
20,41.39634763,2.162357329
21,41.39626197,2.161254762
22,41.3970087,2.163722046
23,41.39625231,2.159823828
24,41.39601454,2.160159055
25,41.39601811,2.159523452
26,41.39634126,2.159233529
27,41.39637577,2.162981059
28,41.39671354,2.164110151
29,41.39625621,2.163502929
30,41.39626677,2.164715636
31,41.39630116,2.166924023
32,41.39628182,2.165816714
33,41.39630548,2.168138515
34,41.39619232,2.168549817
35,41.3965703,2.168427992
36,41.39671067,2.168642881
37,41.39608978,2.169436236
38,41.39615744,2.168990032
39,41.39650426,2.168928828
40,41.39628165,2.171485734
41,41.39629258,2.170378761
42,41.3961692,2.173684235
43,41.39622795,2.172570989
44,41.39561012,2.156036237
45,41.39555076,2.157361103
46,41.3959841,2.1576176
47,41.3955084,2.158032972
48,41.39584838,2.158371177
49,41.39586741,2.158133156
50,41.39603173,2.158282356
51,41.39581401,2.158760842
52,41.39604892,2.158714999
53,41.3959906,2.159034461
54,41.39599448,2.158557414
55,41.39570991,2.159093441
56,41.39571947,2.160520069
57,41.39531317,2.159999798
58,41.39549888,2.160812318
59,41.39534845,2.162322841
60,41.3954788,2.163481366
61,41.39542702,2.165820763
62,41.39544779,2.164716015
63,41.39584552,2.167508266
64,41.39540973,2.166914555
65,41.39561732,2.167842995
66,41.39593259,2.168182179
67,41.39601779,2.167771159
68,41.39557975,2.168263864
69,41.39552448,2.168715525
70,41.3957811,2.169100108
71,41.39568223,2.169531089
72,41.39584265,2.169797552
73,41.39542647,2.170352596
74,41.39542018,2.172614065
75,41.39544478,2.171525343
76,41.39524648,2.174781751
77,41.39537377,2.173688936
78,41.39461332,2.154528073
79,41.3951127,2.154008941
80,41.39467094,2.155590337
81,41.39530981,2.157689262
82,41.39473219,2.156945313
83,41.39485811,2.158281196
84,41.39527881,2.159168238
85,41.39509495,2.161259288
86,41.39465637,2.160252991
87,41.39483205,2.167670337
88,41.39521241,2.168344901
89,41.39539289,2.169152884
90,41.39513506,2.16885777
91,41.39450839,2.153520413
92,41.39465531,2.152296094
93,41.39469961,2.159216407
94,41.3942187,2.160817922
95,41.39481993,2.161634627
96,41.39439022,2.162164687
97,41.39410212,2.164067926
98,41.39426247,2.163166724
99,41.3947741,2.163792115
100,41.39457112,2.164683739
101,41.39500041,2.164115881
102,41.39459178,2.165840585
103,41.3946011,2.166940594
104,41.39434152,2.16779765
105,41.39474071,2.168285573
106,41.39500328,2.168660072
107,41.39455049,2.169245803
108,41.39455213,2.17032958
109,41.39500328,2.170920706
110,41.39473202,2.171272295
111,41.39433006,2.171768802
112,41.39478832,2.171873545
113,41.39457688,2.172639449
114,41.39455101,2.173740965
115,41.39442309,2.17540431
116,41.39448189,2.174940567
117,41.39455351,2.175060905
118,41.39464805,2.175330233
119,41.39453059,2.175931923
120,41.39451146,2.175744857
121,41.39467383,2.175782933
122,41.3945115,2.175694219
123,41.39467097,2.175688382
124,41.39470821,2.175605291
125,41.39480611,2.175720328
126,41.3938306,2.149979331
127,41.39387547,2.149031105
128,41.3942835,2.150688672
129,41.39378807,2.151162381
130,41.39380849,2.152199341
131,41.39375942,2.153423505
132,41.39377011,2.154523384
133,41.39376327,2.155689344
134,41.39375197,2.156802639
135,41.39444179,2.158849663
136,41.39385485,2.158086013
137,41.3942053,2.159209177
138,41.39380867,2.15971495
139,41.39360927,2.162250217
140,41.39395191,2.162717669
141,41.39388033,2.164889058
142,41.39414099,2.165250496
143,41.39371252,2.165816239
144,41.39396337,2.167261859
145,41.39415818,2.167536918
146,41.39372055,2.16807342
147,41.39373509,2.169252484
148,41.39371569,2.170350026
149,41.39368944,2.171441698
150,41.39413812,2.172052456
151,41.39365885,2.172661747
152,41.39370554,2.173937751
153,41.39388889,2.174513654
154,41.3940178,2.174270113
155,41.39415818,2.174390451
156,41.3939204,2.174794443
157,41.39421834,2.174846016
158,41.39410023,2.174642483
159,41.3943272,2.174685565
160,41.39415815,2.176343569
161,41.39435011,2.17573709
162,41.3943673,2.17588608
163,41.39345641,2.147331549
164,41.39309928,2.148641344
165,41.39293391,2.147788531
166,41.39348209,2.150314264
167,41.39318065,2.149619475
168,41.39361101,2.160001469
169,41.39328779,2.159584849
170,41.3931689,2.16059658
171,41.39350215,2.163287842
172,41.39335571,2.164234296
173,41.39355062,2.166763908
174,41.39333017,2.167571821
175,41.39320916,2.169261895
176,41.39371307,2.173371688
177,41.39334172,2.173502242
178,41.39344782,2.175225081
179,41.39346948,2.176197289
180,41.3934573,2.177283422
181,41.39307868,2.144738685
182,41.39265704,2.145070967
183,41.39269142,2.14579013
184,41.39295457,2.145406831
185,41.39309932,2.146055637
186,41.39279785,2.146745991
187,41.39289259,2.15118136
188,41.39290894,2.150025193
189,41.39333885,2.150589322
190,41.39290515,2.152306299
191,41.39289139,2.153422936
192,41.39291364,2.155645636
193,41.39290503,2.154538194
194,41.39287655,2.157952438
195,41.39288553,2.156786069
196,41.39258286,2.159781654
197,41.39271729,2.158864079
198,41.39286186,2.162380981
199,41.39303597,2.161494172
200,41.39262839,2.164347962
201,41.3930667,2.163817902
202,41.39270301,2.163341632
203,41.39328729,2.166385111
204,41.39272535,2.165640976
205,41.39286744,2.166957
206,41.39307454,2.168331024
207,41.39330161,2.168642881
208,41.39267246,2.167828287
209,41.39266554,2.169439026
210,41.39292346,2.169118502
211,41.39242161,2.168645543
212,41.39313103,2.168891576
213,41.39284162,2.171508829
214,41.39287138,2.17036807
215,41.39276903,2.172730053
216,41.39320135,2.173275892
217,41.39269323,2.173937582
218,41.39265936,2.176256088
219,41.39267226,2.175133766
220,41.39260352,2.178426559
221,41.39261882,2.177339967
222,41.39206518,2.144300911
223,41.39222329,2.145249211
224,41.39225025,2.145707039
225,41.39220542,2.146168024
226,41.39221303,2.146790784
227,41.39206965,2.147736872
228,41.39260261,2.149228357
229,41.3920232,2.15004008
230,41.39246224,2.149451842
231,41.39201257,2.148847143
232,41.39205215,2.151145477
233,41.39203938,2.152287985
234,41.39205926,2.154519206
235,41.39204688,2.153405106
236,41.39207957,2.155265134
237,41.39217074,2.155829704
238,41.39206013,2.156782032
239,41.39201354,2.159074246
240,41.39203917,2.157933987
241,41.39237465,2.161680552
242,41.39247875,2.160749893
243,41.39215951,2.162633528
244,41.39218722,2.164906674
245,41.39161664,2.164163299
246,41.39244505,2.167519726
247,41.3918592,2.166744369
248,41.3921896,2.1678407
249,41.39243932,2.169774631
250,41.39200898,2.169205067
251,41.39195572,2.170406843
252,41.39234478,2.172144142
253,41.39190075,2.171559644
254,41.39185318,2.17281601
255,41.39181533,2.175117348
256,41.39183263,2.17400886
257,41.39182598,2.177356524
258,41.39180243,2.17623967
259,41.39185777,2.14571277
260,41.39178329,2.146237099
261,41.39175178,2.155316885
262,41.39188868,2.159983992
263,41.39192653,2.162296486
264,41.39130741,2.161491307
265,41.39148227,2.162918858
266,41.391726,2.165465386
267,41.39178902,2.168336305
268,41.39178449,2.178483364
269,41.39193452,2.179304174
270,41.39093468,2.143834931
271,41.39110415,2.144397817
272,41.39118302,2.146564974
273,41.39121239,2.145424253
274,41.39162859,2.145990693
275,41.39118549,2.14887688
276,41.39119059,2.147760468
277,41.39120969,2.151123447
278,41.39120025,2.150002628
279,41.39118122,2.153436556
280,41.39121269,2.152293511
281,41.39117067,2.155693975
282,41.39116709,2.15452732
283,41.39161141,2.155113456
284,41.39118124,2.156790806
285,41.39118016,2.157916199
286,41.39117397,2.159043035
287,41.39117603,2.160173217
288,41.39068247,2.164017032
289,41.39051903,2.162700185
290,41.39084652,2.16651118
291,41.3912705,2.165992581
292,41.39075398,2.165269308
293,41.39099636,2.167844955
294,41.39158849,2.168634285
295,41.39111296,2.169264276
296,41.39105564,2.170450815
297,41.3914653,2.171000932
298,41.39099004,2.171672185
299,41.39098237,2.172871595
300,41.39098584,2.173975843
301,41.39097533,2.175138192
302,41.39098539,2.176197357
303,41.39106137,2.177651036
304,41.39107278,2.177857538
305,41.39130774,2.177794296
306,41.39125679,2.178957361
307,41.39122753,2.178140984
308,41.39138795,2.177957612
309,41.39087803,2.180241168
310,41.39118456,2.180034874
311,41.39102524,2.180692035
312,41.39093429,2.17958243
313,41.39146131,2.17985471
314,41.39045104,2.144130592
315,41.39021913,2.143652698
316,41.39058859,2.145069264
317,41.39061733,2.144641189
318,41.39078063,2.144836022
319,41.3903144,2.147741031
320,41.39046066,2.14677263
321,41.39074052,2.14715396
322,41.39033962,2.148864171
323,41.39035613,2.149960474
324,41.3906085,2.150713833
325,41.39048939,2.152219803
326,41.3905487,2.151382574
327,41.39037091,2.153395284
328,41.39033634,2.15455927
329,41.39032033,2.155664951
330,41.39032966,2.156785361
331,41.39031746,2.157919073
332,41.39035064,2.159001705
333,41.39034619,2.160204088
334,41.39034478,2.161286235
335,41.39029649,2.167978646
336,41.3900174,2.169089289
337,41.39064885,2.169894969
338,41.39015303,2.1705437
339,41.39012362,2.171724682
340,41.39017566,2.17288891
341,41.39024575,2.174913965
342,41.39010551,2.173974367
343,41.39053426,2.174562362
344,41.39030295,2.177183722
345,41.39071187,2.177310079
346,41.39021068,2.176109132
347,41.39053139,2.176863109
348,41.39088376,2.177736992
349,41.3909697,2.178063624
350,41.39030034,2.178634846
351,41.39065446,2.178828999
352,41.39034153,2.177974838
353,41.39056577,2.179258408
354,41.3904287,2.179602406
355,41.39048269,2.180742576
356,41.39039801,2.180293696
357,41.39043686,2.181126511
358,41.39039266,2.181514865
359,41.39035357,2.144855508
360,41.39020564,2.145662956
361,41.38995558,2.146125357
362,41.39008735,2.146328785
363,41.3899544,2.147378515
364,41.38944359,2.147686281
365,41.38948301,2.14882581
366,41.38948186,2.151107315
367,41.38992406,2.150532018
368,41.38944886,2.149964332
369,41.39010454,2.150804211
370,41.38962369,2.153385642
371,41.3898988,2.163627778
372,41.3899951,2.164233208
373,41.38983951,2.16514567
374,41.39015611,2.16741658
375,41.38987789,2.166378498
376,41.39040534,2.167069892
377,41.38968915,2.167926583
378,41.38954907,2.174369657
379,41.38991547,2.175338828
380,41.38970414,2.177901996
381,41.39008449,2.17741036
382,41.38974525,2.176945957
383,41.38995299,2.178884335
384,41.39024024,2.17907915
385,41.3899514,2.180003917
386,41.39002244,2.180356349
387,41.39011027,2.181140837
388,41.38999777,2.182038097
389,41.39000714,2.181616459
390,41.38895497,2.143382566
391,41.38953127,2.144231032
392,41.38949845,2.145518803
393,41.38944901,2.146587616
394,41.38947564,2.1556558
395,41.38948577,2.15454825
396,41.38948189,2.157905051
397,41.38947593,2.156783056
398,41.38961984,2.159977643
399,41.38990115,2.159603208
400,41.38944834,2.15899735
401,41.38906979,2.160246218
402,41.38935971,2.160302314
403,41.38919805,2.16051716
404,41.38942521,2.160682962
405,41.38959748,2.161494233
406,41.38989542,2.161886764
407,41.38945616,2.162462322
408,41.38938571,2.163444684
409,41.38895447,2.166340279
410,41.38879445,2.164973342
411,41.38885845,2.169014209
412,41.38895005,2.167685907
413,41.38940268,2.168324845
414,41.38909782,2.169621327
415,41.38919832,2.170517914
416,41.38928816,2.17169088
417,41.38949721,2.173419152
418,41.38957621,2.175823824
419,41.38934538,2.17633878
420,41.38907955,2.176904397
421,41.38934058,2.178645431
422,41.38957271,2.179097054
423,41.38994652,2.1794403
424,41.38951499,2.179760962
425,41.38986677,2.180779823
426,41.38948705,2.180378637
427,41.38924107,2.180865034
428,41.38986677,2.181137972
429,41.38970921,2.181685223
430,41.3895631,2.181404435
431,41.38984958,2.181444547
432,41.38988396,2.181338535
433,41.38929544,2.182297384
434,41.38954019,2.181966012
435,41.38964618,2.182160845
436,41.38960571,2.182564829
437,41.3893597,2.181682827
438,41.38909233,2.183212982
439,41.38925331,2.182690152
440,41.38864904,2.14548401
441,41.38879382,2.14455654
442,41.38904172,2.14489046
443,41.38806331,2.148128381
444,41.38861102,2.146576683
445,41.38863797,2.149941364
446,41.38864417,2.150692635
447,41.38881827,2.15138871
448,41.38866841,2.15222752
449,41.38865254,2.153439679
450,41.38862859,2.154516618
451,41.38861794,2.156771931
452,41.38862004,2.155635848
453,41.38864519,2.159010429
454,41.38861514,2.157900628
455,41.38881827,2.160428383
456,41.38871497,2.1607673
457,41.38892426,2.160594564
458,41.38850028,2.16001293
459,41.38904172,2.160734958
460,41.38889789,2.160929319
461,41.38929382,2.161087376
462,41.3891735,2.160895409
463,41.38901325,2.161276132
464,41.3886347,2.163526959
465,41.3886366,2.162478223
466,41.38882686,2.172482235
467,41.38844222,2.171383525
468,41.38868649,2.172785945
469,41.38904458,2.173095385
470,41.38909901,2.173679884
471,41.38925371,2.173485051
472,41.38834911,2.174031488
473,41.38895792,2.174753455
474,41.38863444,2.176177282
475,41.38889848,2.175757146
476,41.38849059,2.175308032
477,41.38908523,2.175992294
478,41.38855515,2.17764075
479,41.38864844,2.176984425
480,41.38894759,2.177682517
481,41.38889102,2.17827435
482,41.38920245,2.1782094
483,41.38878389,2.179593635
484,41.38884405,2.179424589
485,41.38890134,2.179559253
486,41.38875681,2.179267709
487,41.38899733,2.179446354
488,41.38899288,2.178733073
489,41.38928522,2.179032058
490,41.3892136,2.179330037
491,41.3888727,2.179682456
492,41.38911334,2.179530601
493,41.38905318,2.17959077
494,41.38918496,2.1795965
495,41.38917012,2.1799164
496,41.38874951,2.179986166
497,41.38873043,2.180406984
498,41.38896723,2.180135156
499,41.38899274,2.181413524
500,41.38889562,2.182788321
501,41.38839001,2.144062149
502,41.38813344,2.144799366
503,41.38832553,2.150744042
504,41.38772385,2.149906201
505,41.38820234,2.150546344
506,41.38853752,2.1510191
507,41.38818892,2.151687734
508,41.38778051,2.154502237
509,41.38777282,2.155628452
510,41.38870941,2.161147545
511,41.38845731,2.16152575
512,41.38775682,2.161288549
513,41.38822526,2.161866708
514,41.38773682,2.162470351
515,41.38845158,2.167021184
516,41.38785571,2.166196009
517,41.38792013,2.167771201
518,41.38826537,2.169743114
519,41.38856617,2.169757439
520,41.38820234,2.172539538
521,41.38791477,2.173506599
522,41.38827969,2.176496365
523,41.38840001,2.176636759
524,41.38814925,2.177061567
525,41.38810911,2.177728811
526,41.38853139,2.178244874
527,41.38818514,2.178161578
528,41.38823735,2.178712945
529,41.38808421,2.179115038
530,41.38848272,2.17899433
531,41.38838066,2.179513231
532,41.38827396,2.179991896
533,41.38823584,2.180309388
534,41.38849741,2.179954649
535,41.38869795,2.179794198
536,41.38835726,2.180668856
537,41.38840813,2.181540282
538,41.38849833,2.182024531
539,41.38842007,2.182756804
540,41.38746049,2.143124283
541,41.388068,2.143589263
542,41.38775839,2.14433445
543,41.38751194,2.145102484
544,41.38782133,2.145506476
545,41.38736804,2.145626707
546,41.38777533,2.146165011
547,41.38806484,2.146214178
548,41.38780284,2.145845409
549,41.3880677,2.145818782
550,41.38818229,2.146019345
551,41.38747613,2.146526878
552,41.38750146,2.146879913
553,41.38781291,2.146509387
554,41.38777105,2.15111212
555,41.38754059,2.151978939
556,41.38794203,2.152483929
557,41.38774383,2.153416935
558,41.38818516,2.152838496
559,41.3877565,2.156763553
560,41.38776697,2.157896973
561,41.38773726,2.159013764
562,41.38819375,2.159608938
563,41.38775277,2.160208724
564,41.3875148,2.163975487
565,41.38757046,2.163357943
566,41.38795769,2.16386118
567,41.38771588,2.164747629
568,41.38817656,2.164133073
569,41.38751194,2.16954255
570,41.38750808,2.169074912
571,41.38787863,2.169645697
572,41.38747781,2.170146476
573,41.38767523,2.170390646
574,41.38788436,2.170115588
575,41.38809348,2.170273174
576,41.38809635,2.169915025
577,41.38759215,2.170605536
578,41.38788436,2.170548232
579,41.38766677,2.172105282
580,41.38725039,2.172893773
581,41.38760647,2.174336012
582,41.3878653,2.175262128
583,41.38797298,2.174604292
584,41.38742946,2.176290094
585,41.3876208,2.175800124
586,41.38796771,2.176157033
587,41.3879105,2.176783284
588,41.38774799,2.177275732
589,41.38739818,2.176920269
590,41.38788149,2.177447608
591,41.3877394,2.177652591
592,41.38782785,2.178139705
593,41.38808202,2.178479076
594,41.38790273,2.178846019
595,41.38787003,2.179473297
596,41.38751483,2.178847538
597,41.38763226,2.179083631
598,41.38773692,2.179262044
599,41.38770824,2.179682766
600,41.38803046,2.179705377
601,41.38818802,2.17990594
602,41.38802641,2.180054798
603,41.38774112,2.180587856
604,41.38788436,2.180556338
605,41.38791587,2.180708194
606,41.3877035,2.180011937
607,41.3878643,2.180361506
608,41.38798749,2.180559204
609,41.38756551,2.181036921
610,41.38767523,2.180771228
611,41.38772393,2.1809546
612,41.38782706,2.180880105
613,41.38793306,2.180911622
614,41.38782993,2.180986117
615,41.38800707,2.18129572
616,41.38790727,2.18171674
617,41.38731594,2.18185658
618,41.3879228,2.182154989
619,41.38786144,2.182825569
620,41.38815364,2.182493207
621,41.38778788,2.183571648
622,41.38719681,2.145105349
623,41.38689957,2.14430725
624,41.38733432,2.144847482
625,41.38677826,2.145641887
626,41.38696154,2.147689443
627,41.38689086,2.146523531
628,41.38695271,2.149952868
629,41.3868694,2.148788097
630,41.38720827,2.151878657
631,41.38678451,2.152401423
632,41.38683406,2.151761596
633,41.38691265,2.151114228
634,41.38733719,2.151680959
635,41.38693353,2.154485873
636,41.38690286,2.153373323
637,41.38692056,2.155651833
638,41.3869651,2.156688123
639,41.38691386,2.157907617
640,41.38693575,2.158995014
641,41.38693754,2.160213619
642,41.38691249,2.161327316
643,41.38692593,2.162474495
644,41.386671,2.163404211
645,41.38718536,2.164617084
646,41.38691707,2.165825124
647,41.38711947,2.165087181
648,41.38723979,2.165342183
649,41.38730281,2.168568386
650,41.3869505,2.167424545
651,41.3870679,2.168900748
652,41.38703409,2.169357895
653,41.3870192,2.1697689
654,41.38715098,2.169708731
655,41.387214,2.169786091
656,41.38728849,2.169671484
657,41.38737138,2.169775262
658,41.38714525,2.170155701
659,41.38725194,2.169978011
660,41.38729135,2.170436489
661,41.38729135,2.170854807
662,41.38720254,2.17166279
663,41.38700022,2.172548869
664,41.38736583,2.17437899
665,41.3871739,2.174493598
666,41.38749376,2.174878859
667,41.38701633,2.175121074
668,41.38724838,2.175384672
669,41.3871047,2.175911057
670,41.38746037,2.175625347
671,41.38700378,2.176453626
672,41.38715671,2.176668276
673,41.38701746,2.176861167
674,41.38739193,2.17764016
675,41.38702328,2.177238112
676,41.38696367,2.177889415
677,41.38732573,2.178344412
678,41.38744941,2.178420607
679,41.38760647,2.177883117
680,41.38747808,2.178112704
681,41.38711087,2.178728348
682,41.38725411,2.178519189
683,41.38730281,2.178650987
684,41.3873687,2.178473346
685,41.3874174,2.178605144
686,41.38691205,2.17942732
687,41.38718536,2.179304251
688,41.38730281,2.179496218
689,41.38703639,2.179006271
690,41.38746206,2.179267453
691,41.38711979,2.179953515
692,41.38743407,2.179706239
693,41.38734586,2.180136985
694,41.38754631,2.179834311
695,41.38706217,2.180436001
696,41.38707649,2.18066235
697,41.38718536,2.180504765
698,41.38751194,2.180771228
699,41.38742599,2.180556338
700,41.3876208,2.180630833
701,41.38705644,2.180917352
702,41.38708509,2.181011904
703,41.38707755,2.181205676
704,41.38711374,2.180991847
705,41.38723119,2.181135107
706,41.38719395,2.181049151
707,41.38725411,2.181120781
708,41.38720728,2.181040915
709,41.3872713,2.18110932
710,41.38720827,2.180854318
711,41.38740594,2.180974656
712,41.38734578,2.181072073
713,41.38724292,2.183610587
714,41.38753199,2.18322956
715,41.38709724,2.182678639
716,41.38612827,2.14302001
717,41.3867182,2.14342165
718,41.38605205,2.144349151
719,41.38648635,2.143741519
720,41.3860722,2.145447512
721,41.38607467,2.14659087
722,41.38637131,2.149821496
723,41.38603818,2.151142222
724,41.38630003,2.150274758
725,41.38648922,2.150563535
726,41.38606694,2.160183866
727,41.38628296,2.159296633
728,41.38648922,2.159606073
729,41.38618419,2.16227952
730,41.38607903,2.161339365
731,41.38674986,2.164714346
732,41.38638306,2.165874406
733,41.38653506,2.166313482
734,41.38627252,2.166710081
735,41.3865637,2.169227379
736,41.38622367,2.168350581
737,41.38674418,2.169095581
738,41.3863689,2.169456595
739,41.38672126,2.169571202
740,41.38650396,2.169894395
741,41.38649026,2.170297937
742,41.38669616,2.170550689
743,41.38690174,2.17014997
744,41.38693612,2.170235926
745,41.38699889,2.170652453
746,41.38699628,2.170210139
747,41.38689029,2.169963733
748,41.38671267,2.170986606
749,41.38655368,2.171845088
750,41.38694472,2.171250203
751,41.38699628,2.171084022
752,41.38647776,2.173204262
753,41.38632033,2.172728359
754,41.38652933,2.173373309
755,41.38664334,2.173737109
756,41.38632627,2.174150717
757,41.3867671,2.174058089
758,41.38684145,2.174275549
759,41.38695761,2.174280166
760,41.38663994,2.174512507
761,41.38694185,2.174482137
762,41.3870192,2.17453371
763,41.38698196,2.174805903
764,41.38656657,2.175250008
765,41.38650316,2.174884634
766,41.38679575,2.175095287
767,41.38640707,2.176096446
768,41.38610927,2.176771704
769,41.38653792,2.176441926
770,41.38666565,2.176736231
771,41.38672084,2.17636263
772,41.38648437,2.177368077
773,41.38683585,2.177006369
774,41.38670694,2.178476211
775,41.38642046,2.178069354
776,41.38661527,2.178788517
777,41.38687883,2.178734078
778,41.38653792,2.179845771
779,41.38646797,2.179470804
780,41.38652417,2.179702201
781,41.38658376,2.179908806
782,41.38660381,2.180037739
783,41.38664392,2.179610826
784,41.38662673,2.179742625
785,41.38672986,2.179653804
786,41.38663868,2.179754574
787,41.38675564,2.179665265
788,41.38671846,2.179827437
789,41.38648922,2.180152347
790,41.38668689,2.180215381
791,41.38648952,2.180835244
792,41.38688742,2.180332854
793,41.38688742,2.181060612
794,41.38696763,2.180868644
795,41.38698196,2.180854318
796,41.38699915,2.180825666
797,41.38646917,2.181584941
798,41.38669835,2.181693819
799,41.38640212,2.181949048
800,41.38675851,2.181771179
801,41.38674991,2.181447412
802,41.38687596,2.181243984
803,41.38708243,2.18152517
804,41.38636406,2.182447019
805,41.3867671,2.181968877
806,41.38685877,2.181808426
807,41.38629663,2.183149643
808,41.38619348,2.18390857
809,41.38675278,2.183687991
810,41.38651742,2.184314102
811,41.3860912,2.148838764
812,41.38605788,2.1477234
813,41.38588189,2.149772743
814,41.38606707,2.153354219
815,41.38604042,2.152235571
816,41.38620295,2.155432326
817,41.38648062,2.155064748
818,41.38605501,2.154491875
819,41.38594205,2.155958687
820,41.38585897,2.156219419
821,41.38610534,2.15645723
822,41.38579565,2.157119749
823,41.38635744,2.156869817
824,41.38646917,2.157210775
825,41.38606839,2.157896019
826,41.38563021,2.159599167
827,41.38587833,2.15880887
828,41.38597643,2.164984034
829,41.38604734,2.165642145
830,41.38590836,2.165422
831,41.38614671,2.165395449
832,41.38591447,2.166848546
833,41.38594778,2.16704697
834,41.38599935,2.169740248
835,41.38582173,2.170270308
836,41.38569765,2.170877616
837,41.38607383,2.170539636
838,41.38634312,2.170731604
839,41.38579707,2.172821221
840,41.38586134,2.172122121
841,41.38611053,2.173504017
842,41.38580455,2.174016756
843,41.38595628,2.17448898
844,41.38581949,2.174764229
845,41.38603945,2.1746827
846,41.38623118,2.175046758
847,41.3862251,2.174633034
848,41.38634312,2.175502144
849,41.38582178,2.176274445
850,41.38601158,2.175612479
851,41.38620274,2.175739955
852,41.38598502,2.177545024
853,41.38617123,2.177788565
854,41.38603149,2.177976793
855,41.38629253,2.179049706
856,41.38643662,2.179125511
857,41.38584093,2.179457633
858,41.38607956,2.179504814
859,41.38606237,2.179218295
860,41.38608815,2.179352959
861,41.38612253,2.17922116
862,41.38622566,2.179252677
863,41.38619408,2.179499394
864,41.38632593,2.179335768
865,41.38632879,2.179450375
866,41.38588476,2.179166722
867,41.38584178,2.179891615
868,41.38598216,2.179742625
869,41.38606237,2.179559253
870,41.38609388,2.179530601
871,41.3860245,2.179956241
872,41.38614258,2.1795965
873,41.38612909,2.179632315
874,41.38623139,2.17966813
875,41.38620189,2.179838802
876,41.3861864,2.179587762
877,41.3862629,2.179639478
878,41.38620237,2.179546475
879,41.38628296,2.179579309
880,41.38629728,2.179533466
881,41.38626863,2.180097908
882,41.38627746,2.180455171
883,41.3861084,2.180978324
884,41.38588256,2.180395352
885,41.38606476,2.181686629
886,41.3858621,2.181106177
887,41.38589048,2.181355726
888,41.38604518,2.18125258
889,41.3861655,2.181384378
890,41.38579186,2.181821579
891,41.38600221,2.182006124
892,41.38594778,2.182212418
893,41.38572433,2.183117818
894,41.38597643,2.182814108
895,41.38591273,2.1825727
896,41.38522181,2.144355805
897,41.38521755,2.145485658
898,41.38522002,2.146629016
899,41.38520146,2.147733306
900,41.38520436,2.149983396
901,41.38563266,2.149431786
902,41.38517802,2.148836281
903,41.38522351,2.151143074
904,41.3851789,2.152270794
905,41.38546077,2.154162213
906,41.38540863,2.153645828
907,41.38564985,2.153938729
908,41.38559181,2.155137121
909,41.3852365,2.15569193
910,41.38524236,2.156760507
911,41.38520283,2.159038845
912,41.38563266,2.158465728
913,41.38519171,2.157879241
914,41.38513978,2.161353092
915,41.38542926,2.160434113
916,41.38561547,2.160714902
917,41.38570354,2.162845566
918,41.38510554,2.162545758
919,41.38550661,2.163058627
920,41.38580741,2.165731848
921,41.38537196,2.165751905
922,41.38577243,2.166299196
923,41.38578735,2.166958149
924,41.38582173,2.16735068
925,41.38524264,2.167894433
926,41.38559161,2.168859631
927,41.38572719,2.167697368
928,41.38537483,2.170218735
929,41.38574152,2.169972329
930,41.38550088,2.171496609
931,41.38565271,2.171356215
932,41.38550947,2.171505205
933,41.38565844,2.171367676
934,41.38552093,2.171516666
935,41.38566703,2.171382002
936,41.38553525,2.171530992
937,41.38567849,2.171396328
938,41.38554385,2.171539587
939,41.3857112,2.171601701
940,41.38529175,2.171688577
941,41.38535764,2.171645599
942,41.38530321,2.171825634
943,41.38535191,2.171937849
944,41.38537196,2.171654195
945,41.38538915,2.171665656
946,41.38540061,2.171674251
947,41.38545218,2.17172869
948,41.38544072,2.171846163
949,41.38508392,2.171262554
950,41.38558396,2.171788859
951,41.3853118,2.173496512
952,41.38561558,2.173512314
953,41.38541171,2.174006491
954,41.38538915,2.174347473
955,41.38555711,2.174515396
956,41.38530321,2.174656913
957,41.38523413,2.174801575
958,41.3854665,2.174711352
959,41.38558969,2.174771521
960,41.38555817,2.174983545
961,41.38528889,2.175436245
962,41.38541511,2.17526092
963,41.38545218,2.175482088
964,41.3856158,2.175273734
965,41.38563266,2.175490684
966,41.3857186,2.175413323
967,41.38564125,2.175502144
968,41.38575871,2.17551647
969,41.38513832,2.175948793
970,41.38527701,2.175648613
971,41.38555531,2.175579504
972,41.38560114,2.175633943
973,41.38550205,2.175761883
974,41.3857186,2.175648269
975,41.385195,2.176482731
976,41.38544931,2.176782884
977,41.38509595,2.177252377
978,41.38556104,2.176966256
979,41.38574438,2.177206932
980,41.38533723,2.177852224
981,41.38566814,2.177474565
982,41.38573785,2.177840265
983,41.38572433,2.178295704
984,41.38538056,2.178966158
985,41.38526496,2.178601358
986,41.38548942,2.178777056
987,41.38536181,2.178319423
988,41.38553812,2.178610875
989,41.38562428,2.178965143
990,41.38559467,2.179330475
991,41.38531467,2.179484758
992,41.38555778,2.179638379
993,41.3857186,2.179802794
994,41.38571001,2.179980435
995,41.38535191,2.180493304
996,41.38526883,2.180645159
997,41.38508955,2.18017471
998,41.38532237,2.179859531
999,41.38547534,2.180288554
1000,41.38554255,2.180736015
1001,41.38560687,2.180089313
1002,41.38535611,2.180942373
1003,41.38547509,2.181178085
1004,41.38549515,2.181238254
1005,41.38558969,2.181054881
1006,41.38571287,2.180943139
1007,41.38559828,2.181066342
1008,41.38533759,2.181625054
1009,41.38538629,2.181590672
1010,41.38544931,2.181722471
1011,41.38546937,2.181427356
1012,41.38553525,2.18163365
1013,41.38559828,2.181765448
1014,41.38564236,2.181369706
1015,41.38570428,2.181582076
1016,41.38522311,2.181961445
1017,41.38515154,2.18251603
1018,41.38541207,2.182066293
1019,41.38543785,2.181733931
1020,41.38551234,2.181928764
1021,41.38554958,2.181831348
1022,41.38565597,2.182181594
1023,41.38583605,2.182367138
1024,41.38542353,2.182679444
1025,41.38530607,2.183232425
1026,41.38529514,2.183678585
1027,41.38541554,2.184541568
1028,41.38516298,2.142923107
1029,41.38436329,2.144333993
1030,41.38445236,2.143333404
1031,41.38435163,2.146618767
1032,41.38435356,2.145492462
1033,41.38439238,2.151027825
1034,41.38435362,2.149988666
1035,41.38478182,2.150552075
1036,41.38429689,2.153491779
1037,41.38480761,2.153170858
1038,41.3847188,2.152964564
1039,41.38486145,2.153438672
1040,41.38506421,2.154013795
1041,41.3850196,2.153294061
1042,41.38504538,2.153517546
1043,41.38501747,2.154795572
1044,41.38526597,2.154463058
1045,41.38433495,2.155648329
1046,41.38434999,2.154503534
1047,41.38478755,2.155067613
1048,41.38434889,2.157897609
1049,41.38435439,2.156778418
1050,41.38430474,2.160231331
1051,41.38434351,2.159011559
1052,41.38477323,2.159600343
1053,41.38497663,2.159886862
1054,41.38520867,2.16016765
1055,41.38474248,2.160800029
1056,41.38457843,2.163903857
1057,41.38518178,2.164408302
1058,41.38512773,2.164879115
1059,41.38488942,2.164802165
1060,41.38478182,2.165622971
1061,41.38499048,2.166118428
1062,41.3849623,2.165708927
1063,41.38473599,2.165213249
1064,41.38493366,2.165207519
1065,41.38504827,2.16547577
1066,41.38468156,2.166399437
1067,41.38489817,2.167219779
1068,41.3848162,2.167975292
1069,41.38480761,2.168132877
1070,41.38464403,2.167818951
1071,41.38465864,2.168293328
1072,41.38479391,2.168852583
1073,41.38477763,2.170275433
1074,41.38474745,2.170551097
1075,41.38488184,2.170213444
1076,41.38496803,2.170407837
1077,41.3851657,2.171826106
1078,41.38520294,2.171763072
1079,41.3851928,2.171946466
1080,41.3850072,2.172201717
1081,41.385223,2.171926388
1082,41.38526883,2.172006613
1083,41.38524878,2.17187768
1084,41.38530607,2.171977961
1085,41.38480056,2.1726316
1086,41.38466723,2.172992238
1087,41.38485917,2.172920609
1088,41.38498825,2.173312126
1089,41.38508041,2.172834799
1090,41.38517143,2.173728592
1091,41.38483013,2.173994944
1092,41.385117,2.173837469
1093,41.38514873,2.174139362
1094,41.38501387,2.174891859
1095,41.38514706,2.174717735
1096,41.38526883,2.174496463
1097,41.38461741,2.175067786
1098,41.38505109,2.175236105
1099,41.38475318,2.175954844
1100,41.38495371,2.176178329
1101,41.38482271,2.176382162
1102,41.38503911,2.178304959
1103,41.38511986,2.178126658
1104,41.38489008,2.177959708
1105,41.38473599,2.178888798
1106,41.38475141,2.178451104
1107,41.38484771,2.178719752
1108,41.38495084,2.178570762
1109,41.38506071,2.178928309
1110,41.3847967,2.179449487
1111,41.38505111,2.179335768
1112,41.3851657,2.179415993
1113,41.38514278,2.179501949
1114,41.38479756,2.179123555
1115,41.38522328,2.179257649
1116,41.38473312,2.179713973
1117,41.38478182,2.179862963
1118,41.38459916,2.180081128
1119,41.38479328,2.179960379
1120,41.38479615,2.180112234
1121,41.38494511,2.17967386
1122,41.38456454,2.180539821
1123,41.38498427,2.18050277
1124,41.38517716,2.180748306
1125,41.38485041,2.18125515
1126,41.38522873,2.18171101
1127,41.38474132,2.181895666
1128,41.38480185,2.182268759
1129,41.385011,2.181905843
1130,41.38481047,2.182814108
1131,41.38474172,2.18292585
1132,41.38491647,2.182888603
1133,41.38473599,2.182716691
1134,41.38471593,2.183421528
1135,41.38479615,2.183642148
1136,41.3848162,2.183195178
1137,41.38490787,2.183424393
1138,41.38482479,2.183183717
1139,41.38497663,2.183344168
1140,41.38507689,2.183031862
1141,41.38505684,2.18322383
1142,41.38491074,2.183879958
1143,41.38505971,2.184046139
1144,41.38478782,2.184402663
1145,41.38437328,2.148828959
1146,41.38433843,2.147727483
1147,41.38436357,2.152245402
1148,41.38405131,2.16115041
1149,41.38442086,2.161588784
1150,41.38421159,2.162622399
1151,41.38467583,2.16197272
1152,41.3842633,2.164946786
1153,41.38428583,2.164497141
1154,41.38453832,2.165044203
1155,41.38426932,2.165666626
1156,41.38427713,2.165311326
1157,41.38450967,2.165554207
1158,41.3844913,2.16582832
1159,41.38459275,2.165542746
1160,41.38464432,2.165390891
1161,41.3842261,2.165961025
1162,41.38443805,2.166193144
1163,41.38420314,2.166577079
1164,41.38423329,2.167618488
1165,41.38444683,2.168475387
1166,41.38436203,2.169191696
1167,41.38409586,2.168953483
1168,41.3847033,2.169770045
1169,41.38440837,2.169678577
1170,41.38416304,2.170969415
1171,41.38435096,2.170267084
1172,41.38459275,2.170685761
1173,41.38464718,2.170849077
1174,41.38467419,2.171437024
1175,41.3843913,2.172007451
1176,41.38469502,2.172110749
1177,41.3840327,2.172334527
1178,41.38422264,2.172380386
1179,41.38415444,2.172141277
1180,41.38419455,2.172184255
1181,41.38435973,2.172816104
1182,41.38450967,2.172444987
1183,41.38474172,2.172353301
1184,41.38417997,2.173367266
1185,41.38430914,2.174126853
1186,41.38455345,2.174569876
1187,41.38404199,2.175385719
1188,41.38424325,2.175112479
1189,41.38426044,2.175089557
1190,41.38429481,2.175003601
1191,41.38371856,2.174650422
1192,41.38411248,2.174522715
1193,41.38439393,2.175472604
1194,41.38429079,2.175914107
1195,41.38443339,2.176073798
1196,41.38450108,2.175868889
1197,41.38425283,2.176104591
1198,41.38441227,2.17627288
1199,41.3841642,2.17676833
1200,41.38455551,2.1764276
1201,41.38462894,2.17698345
1202,41.38433206,2.177459069
1203,41.38462263,2.177525597
1204,41.38472166,2.177719801
1205,41.38427461,2.178310024
1206,41.38427476,2.178023511
1207,41.38454405,2.177951881
1208,41.38419299,2.179027324
1209,41.3844983,2.179414702
1210,41.38440551,2.178731906
1211,41.38454405,2.179112283
1212,41.38403925,2.179657696
1213,41.38410001,2.179937458
1214,41.3842232,2.179862963
1215,41.38431773,2.180020548
1216,41.3844006,2.179729198
1217,41.38463286,2.179630882
1218,41.38422033,2.180556338
1219,41.3840685,2.180307067
1220,41.38429195,2.18028128
1221,41.38414871,2.180917352
1222,41.38419141,2.181136444
1223,41.38407136,2.180633699
1224,41.38426044,2.180731115
1225,41.38424325,2.180822801
1226,41.38445238,2.181920169
1227,41.38424325,2.181988933
1228,41.38433492,2.182089215
1229,41.38426044,2.182355677
1230,41.38444092,2.182178036
1231,41.3843607,2.182410116
1232,41.38454405,2.182238205
1233,41.3843693,2.182415846
1234,41.38461853,2.182375734
1235,41.38442659,2.182607814
1236,41.38467583,2.182567701
1237,41.38418595,2.183046188
1238,41.38413725,2.183275403
1239,41.38442086,2.18315793
1240,41.38458416,2.183258212
1241,41.38449248,2.183513214
1242,41.38461853,2.183106357
1243,41.38466437,2.183034727
1244,41.38438298,2.184048663
1245,41.38419455,2.183544731
1246,41.38420495,2.183790051
1247,41.38438649,2.18368226
1248,41.38443519,2.183742429
1249,41.3846128,2.183794003
1250,41.38418022,2.184243837
1251,41.38408895,2.184224284
1252,41.38413374,2.18417401
1253,41.3842146,2.184261028
1254,41.38316234,2.142733463
1255,41.38350527,2.145466595
1256,41.38308161,2.1438021
1257,41.38348784,2.146581596
1258,41.38344441,2.147802519
1259,41.38367415,2.149704108
1260,41.38364859,2.149030925
1261,41.38393958,2.14942319
1262,41.3837104,2.150950336
1263,41.38399974,2.151514778
1264,41.38353512,2.152232717
1265,41.38349603,2.154513971
1266,41.38350895,2.153405934
1267,41.38348787,2.156765455
1268,41.38348792,2.155635224
1269,41.38365093,2.158839159
1270,41.38349406,2.157892873
1271,41.38388152,2.159370624
1272,41.38356743,2.159375957
1273,41.38357983,2.159868187
1274,41.38334666,2.161504134
1275,41.38354138,2.160414057
1276,41.38383359,2.1608467
1277,41.38373905,2.163236268
1278,41.38358364,2.163480566
1279,41.38389107,2.163508473
1280,41.38330127,2.16265854
1281,41.38372219,2.16375569
1282,41.38408569,2.163820767
1283,41.38415158,2.164029926
1284,41.38386375,2.164371437
1285,41.38357863,2.164800662
1286,41.38393234,2.164835128
1287,41.38392813,2.165227575
1288,41.38367113,2.165914637
1289,41.38400261,2.165734713
1290,41.38355447,2.16519933
1291,41.38382213,2.16553415
1292,41.38390807,2.16688652
1293,41.38368468,2.166518874
1294,41.38375338,2.167026914
1295,41.3837152,2.169191664
1296,41.3838651,2.169396426
1297,41.38354296,2.1698429
1298,41.38388515,2.169493842
1299,41.38397186,2.169702663
1300,41.38333512,2.171493744
1301,41.38373619,2.171241608
1302,41.38393566,2.171692209
1303,41.3835447,2.170817542
1304,41.38372473,2.172430661
1305,41.38381354,2.172513752
1306,41.38395659,2.172240853
1307,41.38361587,2.172614033
1308,41.38359667,2.172777232
1309,41.38363879,2.172599707
1310,41.38371613,2.172694259
1311,41.38365311,2.172588247
1312,41.38373332,2.172682798
1313,41.3836703,2.172573921
1314,41.38374765,2.172671337
1315,41.38368176,2.172565325
1316,41.38376483,2.172657011
1317,41.38369322,2.172550999
1318,41.38377629,2.172642685
1319,41.38336073,2.173638325
1320,41.38375338,2.173553815
1321,41.38384218,2.173760109
1322,41.38361047,2.173163469
1323,41.38355198,2.173969814
1324,41.38393386,2.174000785
1325,41.38351251,2.175231451
1326,41.38361014,2.17580872
1327,41.38378489,2.175699842
1328,41.38402266,2.175805854
1329,41.38362024,2.177617484
1330,41.38377629,2.177567946
1331,41.38363306,2.177739857
1332,41.38371869,2.177782169
1333,41.38377433,2.177101965
1334,41.38399115,2.177301483
1335,41.38388515,2.177453338
1336,41.38409142,2.177430417
1337,41.3841659,2.177719801
1338,41.38361587,2.178318626
1339,41.38364451,2.178152445
1340,41.38374765,2.17807795
1341,41.3836703,2.178186827
1342,41.38376197,2.178100871
1343,41.38367603,2.178198288
1344,41.38377056,2.178112332
1345,41.38368749,2.178209748
1346,41.38370181,2.17838166
1347,41.38378202,2.178123793
1348,41.38369895,2.178221209
1349,41.38379635,2.178135253
1350,41.38371327,2.17823267
1351,41.38384218,2.178175366
1352,41.38386797,2.178324356
1353,41.38365884,2.177994859
1354,41.38363592,2.178140984
1355,41.38373046,2.178055028
1356,41.38401044,2.178071412
1357,41.38351009,2.178757187
1358,41.38381927,2.178438963
1359,41.38383932,2.178980484
1360,41.38392526,2.178493402
1361,41.3839711,2.178682505
1362,41.38406277,2.178524919
1363,41.3836807,2.179355384
1364,41.38385937,2.179453241
1365,41.3837834,2.179676654
1366,41.38363592,2.179186778
1367,41.38379062,2.17928706
1368,41.38373758,2.180032278
1369,41.38387083,2.179940323
1370,41.38387083,2.180080717
1371,41.38398256,2.180006222
1372,41.3839711,2.18012083
1373,41.38372473,2.180490439
1374,41.38372759,2.180659485
1375,41.38375624,2.180719654
1376,41.38376854,2.180725255
1377,41.38386224,2.180533417
1378,41.38374478,2.180668081
1379,41.38388229,2.180544878
1380,41.38376483,2.180682407
1381,41.38387942,2.18057926
1382,41.3836703,2.180312797
1383,41.38376197,2.180175268
1384,41.38385937,2.180195325
1385,41.38361014,2.180794149
1386,41.38362733,2.18080561
1387,41.38364165,2.180822801
1388,41.38354305,2.181223599
1389,41.38365597,2.180834262
1390,41.3838737,2.180885835
1391,41.38403169,2.181122973
1392,41.38362733,2.181656571
1393,41.38388802,2.181642245
1394,41.38408269,2.181731194
1395,41.38397432,2.181847177
1396,41.38398829,2.181447412
1397,41.38387039,2.182415475
1398,41.38367889,2.182725287
1399,41.38371327,2.182914389
1400,41.38390807,2.182725287
1401,41.38407136,2.182673713
1402,41.38408282,2.182825569
1403,41.38413152,2.18261641
1404,41.38418022,2.182587758
1405,41.38418595,2.182587758
1406,41.38350987,2.183123548
1407,41.38357318,2.182996256
1408,41.38365597,2.183120683
1409,41.38367603,2.183200908
1410,41.38352283,2.183516584
1411,41.38379921,2.183289729
1412,41.38378191,2.183688813
1413,41.38389661,2.183338437
1414,41.38395677,2.18337282
1415,41.38400547,2.183143605
1416,41.38403126,2.184020353
1417,41.38401407,2.18412923
1418,41.38402839,2.184146421
1419,41.38410794,2.184183534
1420,41.38409782,2.184200993
1421,41.38264797,2.145487116
1422,41.38266153,2.146578131
1423,41.38314891,2.148577959
1424,41.38316197,2.148832144
1425,41.38314891,2.149365886
1426,41.38343539,2.150216847
1427,41.38268976,2.150035094
1428,41.38266883,2.151096775
1429,41.38333799,2.15056067
1430,41.38267034,2.152286867
1431,41.38267278,2.153386313
1432,41.38265549,2.15562456
1433,41.38264873,2.154502189
1434,41.3831661,2.159428432
1435,41.38315751,2.159961357
1436,41.38299135,2.163694699
1437,41.38307091,2.164637859
1438,41.38318042,2.165095776
1439,41.38340101,2.164955382
1440,41.38296514,2.166127184
1441,41.3832148,2.166319212
1442,41.38333799,2.166241852
1443,41.38298506,2.166378052
1444,41.38335424,2.166760886
1445,41.38342106,2.16735068
1446,41.38293503,2.167142346
1447,41.38305437,2.167640064
1448,41.38320048,2.1675713
1449,41.3836627,2.16806176
1450,41.38300423,2.168039333
1451,41.38277076,2.16862569
1452,41.38325488,2.168467532
1453,41.38326549,2.169442319
1454,41.3830571,2.169090982
1455,41.38339815,2.16870305
1456,41.38351003,2.16890979
1457,41.38328928,2.170344803
1458,41.38310594,2.170095532
1459,41.38304602,2.170812039
1460,41.38275089,2.1730224
1461,41.38314093,2.172113097
1462,41.38335517,2.172533808
1463,41.38344247,2.172710407
1464,41.38347263,2.172550999
1465,41.38353852,2.172519482
1466,41.38355857,2.172505156
1467,41.38357576,2.17249083
1468,41.38358722,2.172482235
1469,41.38359868,2.172473639
1470,41.38297795,2.173999467
1471,41.38290996,2.174274736
1472,41.38290827,2.174565227
1473,41.38296843,2.175335963
1474,41.38318042,2.175530796
1475,41.38308313,2.175945839
1476,41.38350004,2.176075293
1477,41.38341533,2.175791528
1478,41.38319457,2.176570848
1479,41.38362314,2.176572033
1480,41.38300854,2.176960526
1481,41.38331633,2.177068702
1482,41.38292155,2.177478996
1483,41.38304865,2.177619519
1484,41.38309073,2.177286832
1485,41.38312599,2.177533564
1486,41.38320765,2.177822056
1487,41.38334207,2.177583044
1488,41.38348122,2.177797161
1489,41.38354998,2.1782384
1490,41.38356717,2.178261322
1491,41.38358435,2.178284243
1492,41.38359295,2.178295704
1493,41.38360441,2.178307165
1494,41.38316139,2.178194742
1495,41.38342106,2.177980533
1496,41.38349841,2.178106602
1497,41.38349268,2.177914634
1498,41.38347549,2.177960477
1499,41.38354711,2.177940421
1500,41.38304638,2.178672363
1501,41.38290304,2.179546391
1502,41.38290933,2.179060857
1503,41.38327944,2.179640423
1504,41.38351847,2.179241217
1505,41.38320861,2.179220924
1506,41.38342679,2.179198239
1507,41.38305955,2.180808505
1508,41.38322053,2.180670946
1509,41.38313459,2.18012083
1510,41.38317634,2.180423793
1511,41.38355284,2.18058499
1512,41.38358722,2.180453192
1513,41.38343637,2.180317518
1514,41.38304292,2.181009038
1515,41.38315464,2.180845723
1516,41.38330647,2.180705328
1517,41.3831661,2.180851453
1518,41.3833208,2.180711059
1519,41.38318329,2.180860049
1520,41.38322039,2.181314273
1521,41.38335231,2.180716789
1522,41.38320785,2.180861094
1523,41.38344971,2.180716789
1524,41.38356144,2.180751171
1525,41.38308875,2.181771179
1526,41.38323199,2.181722471
1527,41.38309162,2.181587807
1528,41.3833208,2.181676628
1529,41.38334658,2.181897247
1530,41.38339242,2.181619324
1531,41.38331099,2.182314078
1532,41.38352021,2.182146554
1533,41.38353776,2.182434588
1534,41.38295984,2.182791186
1535,41.38308016,2.182877142
1536,41.38302,2.183086301
1537,41.38322053,2.183008941
1538,41.38314032,2.18269377
1539,41.3835729,2.182676579
1540,41.38352706,2.182828434
1541,41.38338704,2.182617062
1542,41.38317999,2.18330675
1543,41.38335231,2.183086301
1544,41.38341533,2.183020401
1545,41.38289968,2.148403183
1546,41.38289681,2.148640993
1547,41.38254627,2.14788363
1548,41.38253122,2.149063759
1549,41.38289108,2.148841557
1550,41.38261591,2.157927922
1551,41.38264538,2.15674676
1552,41.38248974,2.160384358
1553,41.38255591,2.159170564
1554,41.38297703,2.159723546
1555,41.38246012,2.161561819
1556,41.38247888,2.162664842
1557,41.38242699,2.163674642
1558,41.3824506,2.163981153
1559,41.38244418,2.163961161
1560,41.38255018,2.163858014
1561,41.38253299,2.163757733
1562,41.38243845,2.16393824
1563,41.38255018,2.163843688
1564,41.38255304,2.163883801
1565,41.38244705,2.1640156
1566,41.38255877,2.163921049
1567,41.38245564,2.164041387
1568,41.3825645,2.16393824
1569,41.38246796,2.164050722
1570,41.38268099,2.16412752
1571,41.38241267,2.164657402
1572,41.3825731,2.164502682
1573,41.38268482,2.16439094
1574,41.38278369,2.164888347
1575,41.38247283,2.164307849
1576,41.3825004,2.16582971
1577,41.38247416,2.165220049
1578,41.38284828,2.165437826
1579,41.38249572,2.166203706
1580,41.38273352,2.166350729
1581,41.38249617,2.166863431
1582,41.38272493,2.166551292
1583,41.38244854,2.16718569
1584,41.38255191,2.167576325
1585,41.38280218,2.167463065
1586,41.38236788,2.168071056
1587,41.38272206,2.16779765
1588,41.3829226,2.167728885
1589,41.3825645,2.169210188
1590,41.3828017,2.169605249
1591,41.38293692,2.169866317
1592,41.3826651,2.170199492
1593,41.3828653,2.171459362
1594,41.38249658,2.17074279
1595,41.38247283,2.171135596
1596,41.38269628,2.171109809
1597,41.38253583,2.171592173
1598,41.38263039,2.172012344
1599,41.38274785,2.171926388
1600,41.38286817,2.17181178
1601,41.38226878,2.172995414
1602,41.38237314,2.172386112
1603,41.38242126,2.17210976
1604,41.38258658,2.172306665
1605,41.38242413,2.174238596
1606,41.38242986,2.174341743
1607,41.38243343,2.174228402
1608,41.38249288,2.1742959
1609,41.38251867,2.174000785
1610,41.38256164,2.174184157
1611,41.38268196,2.174086741
1612,41.38220177,2.175091036
1613,41.38264471,2.174694161
1614,41.38285008,2.174981965
1615,41.38244501,2.174557712
1616,41.38255633,2.175442162
1617,41.38271831,2.175642598
1618,41.38281087,2.175350289
1619,41.38259028,2.17589754
1620,41.38245564,2.176086643
1621,41.38272779,2.176052261
1622,41.38248715,2.175717034
1623,41.38275109,2.176439005
1624,41.38244991,2.177000638
1625,41.38249575,2.177052212
1626,41.38252153,2.177080864
1627,41.38253299,2.177092324
1628,41.38254445,2.17710092
1629,41.38255591,2.177109516
1630,41.38257023,2.177120976
1631,41.38258169,2.177132437
1632,41.38259028,2.177149628
1633,41.38260174,2.177166819
1634,41.38267909,2.177235584
1635,41.3827192,2.177035021
1636,41.38285098,2.176914683
1637,41.38273352,2.177046481
1638,41.38283952,2.177224123
1639,41.38291114,2.176954795
1640,41.38294551,2.177069403
1641,41.38240677,2.176494194
1642,41.38247856,2.176676872
1643,41.38253012,2.176671142
1644,41.38264471,2.17672558
1645,41.38259601,2.176906087
1646,41.38273639,2.176805805
1647,41.38263612,2.17695193
1648,41.38276217,2.176834457
1649,41.38264758,2.176963391
1650,41.38277363,2.176845918
1651,41.38265904,2.176974852
1652,41.38278509,2.176857379
1653,41.3826705,2.176983447
1654,41.38279655,2.17686884
1655,41.38268196,2.176994908
1656,41.38280801,2.1768803
1657,41.38269628,2.177006369
1658,41.38282519,2.176894626
1659,41.3827106,2.177020695
1660,41.38283952,2.176906087
1661,41.38239548,2.177771374
1662,41.38254158,2.17770261
1663,41.38261706,2.17750467
1664,41.38275071,2.177318674
1665,41.38276503,2.177355922
1666,41.38269503,2.177558207
1667,41.38266763,2.177791431
1668,41.382914,2.177759914
1669,41.38285367,2.178118341
1670,41.38256737,2.17892318
1671,41.38279941,2.178659583
1672,41.38257027,2.178548558
1673,41.38285384,2.178490537
1674,41.38287676,2.178421772
1675,41.38248652,2.179938774
1676,41.38266477,2.180450326
1677,41.38285318,2.179885563
1678,41.3830114,2.180009087
1679,41.38248142,2.181049151
1680,41.38263892,2.181325049
1681,41.38276217,2.181132242
1682,41.38288249,2.181201006
1683,41.38294265,2.181046286
1684,41.38300854,2.180991847
1685,41.38301427,2.180994712
1686,41.38302859,2.181000443
1687,41.3825645,2.181756853
1688,41.38276503,2.181553424
1689,41.38281374,2.181607863
1690,41.38282519,2.181625054
1691,41.3828739,2.181725336
1692,41.38228375,2.181496121
1693,41.38259601,2.181570616
1694,41.3826705,2.181481795
1695,41.38268482,2.18148466
1696,41.38270774,2.181496121
1697,41.38275005,2.181411633
1698,41.38276217,2.181418761
1699,41.38285957,2.181327074
1700,41.38289395,2.181315614
1701,41.38281087,2.181415895
1702,41.38287303,2.18154009
1703,41.38288249,2.181550559
1704,41.38294551,2.181387243
1705,41.38296843,2.181467469
1706,41.38299421,2.181450278
1707,41.38291253,2.18154354
1708,41.38230019,2.182153616
1709,41.38255591,2.182037641
1710,41.38259315,2.182298374
1711,41.3827593,2.181834213
1712,41.38295411,2.181817022
1713,41.38292315,2.1821505
1714,41.38277363,2.182894333
1715,41.38277363,2.182567701
1716,41.38224275,2.182789467
1717,41.38279751,2.183140742
1718,41.38175383,2.143278104
1719,41.38135807,2.142580927
1720,41.38180832,2.14435417
1721,41.38188677,2.145335641
1722,41.38187982,2.146503562
1723,41.38219781,2.147216994
1724,41.38174835,2.147791355
1725,41.38178337,2.149991984
1726,41.38178359,2.148845557
1727,41.38221787,2.149408864
1728,41.3818731,2.152164625
1729,41.38180306,2.151133599
1730,41.38191614,2.153535359
1731,41.38182289,2.154511499
1732,41.38180359,2.155629965
1733,41.38177288,2.156794662
1734,41.38164719,2.159246583
1735,41.38169934,2.158010163
1736,41.38212046,2.158574605
1737,41.38162169,2.160438991
1738,41.38160459,2.161574645
1739,41.38186824,2.162550573
1740,41.38202593,2.163325089
1741,41.38183925,2.162964688
1742,41.38176523,2.163519922
1743,41.38218062,2.163565765
1744,41.38231436,2.163854782
1745,41.38187123,2.164528469
1746,41.38202306,2.164399535
1747,41.3818731,2.164121305
1748,41.38213765,2.164605829
1749,41.38218635,2.164250545
1750,41.38233819,2.164133073
1751,41.38233819,2.164107286
1752,41.38233246,2.164055712
1753,41.38233819,2.164078634
1754,41.38234391,2.164144533
1755,41.38235537,2.164150264
1756,41.38202553,2.16503099
1757,41.38225224,2.164809257
1758,41.38199226,2.166386441
1759,41.38203323,2.165681368
1760,41.38230667,2.166041289
1761,41.38202277,2.167206771
1762,41.38184831,2.167906527
1763,41.38204025,2.16810709
1764,41.38189988,2.167605682
1765,41.38181107,2.167708829
1766,41.3819228,2.16764866
1767,41.38183685,2.167748942
1768,41.38196427,2.167833613
1769,41.38183994,2.168653508
1770,41.38210328,2.16833344
1771,41.38226943,2.168685859
1772,41.38215771,2.169258896
1773,41.38243845,2.168975243
1774,41.38182826,2.170387781
1775,41.38198868,2.170261713
1776,41.38200014,2.170250252
1777,41.3820116,2.170238791
1778,41.38208322,2.170190083
1779,41.38207176,2.170353399
1780,41.38208322,2.170344803
1781,41.38209468,2.170333343
1782,41.38191134,2.169642832
1783,41.38181393,2.169880643
1784,41.38206192,2.169956053
1785,41.38210978,2.170324142
1786,41.38221322,2.170255365
1787,41.38185977,2.170728739
1788,41.38204217,2.170559611
1789,41.38210284,2.170957603
1790,41.3821663,2.170436489
1791,41.38217776,2.170427894
1792,41.38219495,2.170416433
1793,41.38223505,2.170390646
1794,41.38232386,2.170416433
1795,41.38212906,2.171284585
1796,41.38189863,2.171108373
1797,41.3821608,2.171730387
1798,41.38224938,2.171255934
1799,41.38201733,2.172350436
1800,41.38223792,2.172178525
1801,41.38189128,2.173424882
1802,41.38216814,2.173596208
1803,41.38240407,2.173803087
1804,41.38200301,2.174419103
1805,41.38224651,2.174221405
1806,41.38231527,2.17415264
1807,41.38229808,2.174347473
1808,41.38234105,2.174026572
1809,41.38200301,2.175625347
1810,41.38218447,2.176013945
1811,41.3822637,2.17566546
1812,41.38183161,2.176080489
1813,41.38176069,2.176545461
1814,41.38202303,2.176744109
1815,41.38205457,2.176373162
1816,41.38214911,2.176487769
1817,41.3822236,2.176390353
1818,41.38230667,2.176284341
1819,41.38230523,2.176611393
1820,41.3818655,2.177092324
1821,41.38195431,2.177043616
1822,41.38196863,2.177324405
1823,41.38220641,2.176983447
1824,41.38244705,2.176825862
1825,41.38177337,2.177632768
1826,41.38213765,2.177699745
1827,41.38180295,2.178203621
1828,41.38195144,2.178292839
1829,41.3818168,2.178487672
1830,41.38214022,2.178471163
1831,41.38211032,2.178071166
1832,41.38190274,2.178851551
1833,41.38184831,2.17891745
1834,41.3819142,2.178863012
1835,41.38184831,2.178940372
1836,41.38196577,2.178926046
1837,41.3821176,2.178903124
1838,41.3822637,2.178745539
1839,41.38230667,2.178926046
1840,41.3820217,2.179494143
1841,41.38189701,2.179106553
1842,41.38200587,2.179023462
1843,41.38207176,2.17913807
1844,41.38227837,2.179136947
1845,41.38191993,2.179819985
1846,41.38179776,2.180122175
1847,41.38211499,2.179972118
1848,41.38182539,2.180493304
1849,41.38216057,2.180742576
1850,41.38216001,2.180359237
1851,41.38217,2.181126954
1852,41.38231813,2.180905892
1853,41.38186418,2.18153997
1854,41.38191192,2.18190263
1855,41.38200238,2.182263511
1856,41.3815647,2.145772939
1857,41.38125817,2.145036585
1858,41.38101625,2.146538932
1859,41.38094584,2.148860815
1860,41.38095602,2.147749342
1861,41.38093726,2.149967572
1862,41.38094872,2.151092503
1863,41.38093073,2.153402279
1864,41.38151314,2.153010407
1865,41.38094535,2.152240236
1866,41.38140714,2.152847091
1867,41.38149022,2.152715293
1868,41.38185304,2.152842535
1869,41.38093699,2.154487931
1870,41.3809151,2.155680278
1871,41.38079375,2.158117415
1872,41.38128109,2.157460046
1873,41.38143619,2.162439174
1874,41.3813699,2.163797845
1875,41.38115958,2.163441312
1876,41.38150741,2.163625934
1877,41.38159048,2.163797845
1878,41.38164529,2.164272768
1879,41.38121807,2.165029877
1880,41.38151314,2.164826448
1881,41.38168502,2.16470038
1882,41.38171843,2.164993084
1883,41.38129854,2.164396753
1884,41.38145505,2.165629981
1885,41.38177956,2.165270553
1886,41.38148356,2.166862907
1887,41.38140643,2.166320081
1888,41.38169075,2.167502535
1889,41.38181966,2.167491075
1890,41.38140815,2.168003692
1891,41.38165924,2.167751807
1892,41.38167356,2.167763268
1893,41.38169934,2.167786189
1894,41.38172513,2.167809111
1895,41.38143865,2.167373602
1896,41.38162486,2.167640064
1897,41.38165351,2.167737481
1898,41.38175377,2.167628604
1899,41.38186264,2.167548378
1900,41.38176523,2.167657256
1901,41.38187982,2.16757703
1902,41.38178815,2.167683042
1903,41.38128682,2.168450913
1904,41.3808165,2.169115211
1905,41.3814673,2.168717376
1906,41.38160852,2.16905194
1907,41.38090696,2.170000927
1908,41.38148267,2.169441291
1909,41.38152764,2.16979884
1910,41.38177956,2.1693821
1911,41.38128684,2.170431608
1912,41.38158475,2.170393512
1913,41.38160133,2.170127434
1914,41.3815733,2.17097801
1915,41.38171492,2.170642523
1916,41.38176523,2.17081756
1917,41.38125565,2.170854652
1918,41.38133266,2.171264529
1919,41.38133287,2.171580765
1920,41.38125531,2.171788859
1921,41.38146797,2.171952926
1922,41.38175091,2.172682798
1923,41.38124388,2.17228663
1924,41.38166783,2.172347571
1925,41.38113011,2.172768453
1926,41.38130687,2.173192802
1927,41.38150454,2.172980778
1928,41.38179844,2.173116464
1929,41.38153161,2.17337348
1930,41.38142153,2.173981151
1931,41.38111354,2.174478877
1932,41.38159244,2.174381055
1933,41.38137405,2.174837503
1934,41.3816707,2.174817364
1935,41.38174805,2.174576688
1936,41.38143948,2.175157782
1937,41.38169414,2.175161043
1938,41.38157621,2.175428903
1939,41.38179388,2.175398997
1940,41.38186837,2.175482088
1941,41.38164778,2.175851697
1942,41.38156184,2.175989227
1943,41.38134676,2.175443552
1944,41.38153097,2.175682165
1945,41.38175377,2.175648269
1946,41.38133503,2.175933738
1947,41.38138225,2.176234602
1948,41.38164583,2.177272985
1949,41.38141646,2.177011694
1950,41.38141287,2.176645355
1951,41.38154465,2.176822997
1952,41.38167643,2.176977717
1953,41.38122693,2.177973473
1954,41.38120105,2.177450157
1955,41.38142719,2.177639576
1956,41.38149308,2.17754789
1957,41.38155149,2.177897455
1958,41.38150122,2.178315996
1959,41.3812152,2.178398851
1960,41.38136417,2.178522054
1961,41.38113855,2.178860264
1962,41.38149595,2.17861947
1963,41.38158475,2.178842955
1964,41.38165064,2.1786911
1965,41.38179214,2.178757402
1966,41.38183795,2.178908129
1967,41.38130257,2.179364859
1968,41.38149345,2.179292981
1969,41.38164778,2.179335768
1970,41.38167929,2.179507679
1971,41.38140427,2.179198239
1972,41.38151886,2.179255542
1973,41.38147676,2.179083354
1974,41.3816621,2.179057844
1975,41.38177669,2.17907217
1976,41.38178242,2.17899481
1977,41.38178529,2.179140935
1978,41.38173372,2.179249812
1979,41.38141287,2.179613691
1980,41.38145846,2.179928844
1981,41.38162773,2.179676725
1982,41.38177383,2.179711108
1983,41.38150168,2.180556338
1984,41.38162486,2.180390157
1985,41.38122093,2.180115099
1986,41.38145975,2.180289711
1987,41.38118388,2.180563091
1988,41.38133892,2.180948117
1989,41.38158762,2.181891517
1990,41.38169648,2.181768314
1991,41.38145257,2.181600076
1992,41.38120782,2.181853798
1993,41.38164007,2.182267246
1994,41.38061976,2.143026225
1995,41.38078549,2.143030952
1996,41.38062988,2.143056789
1997,41.38096406,2.14341939
1998,41.38087424,2.143962305
1999,41.3810118,2.144091072
2000,41.38113499,2.143853262
2001,41.38123239,2.143773036
2002,41.3808084,2.144162702
2003,41.38096024,2.144371861
2004,41.38029627,2.145213067
2005,41.38086284,2.156907065
2006,41.38078639,2.160386301
2007,41.38077449,2.159297796
2008,41.38073863,2.162686966
2009,41.38079074,2.16158754
2010,41.38055917,2.163322224
2011,41.38077727,2.163669261
2012,41.38059068,2.164004139
2013,41.38078262,2.163972622
2014,41.38083064,2.164600829
2015,41.38101753,2.163935375
2016,41.38098888,2.165196058
2017,41.3807042,2.165375207
2018,41.38114579,2.165556214
2019,41.38090259,2.166245898
2020,41.3809259,2.166733533
2021,41.3812725,2.167087083
2022,41.38101158,2.167439184
2023,41.38066517,2.168041191
2024,41.38076543,2.167811976
2025,41.38098733,2.168095708
2026,41.3809418,2.168464474
2027,41.38118369,2.168293328
2028,41.38060474,2.168426828
2029,41.38043462,2.168896313
2030,41.38088754,2.170736304
2031,41.38112738,2.171551085
2032,41.38034441,2.172374637
2033,41.38090581,2.171834702
2034,41.38089148,2.171946444
2035,41.38092341,2.172199915
2036,41.38094305,2.171720094
2037,41.38071994,2.171333019
2038,41.38108574,2.171755046
2039,41.38104789,2.171879133
2040,41.38061647,2.173745783
2041,41.38042975,2.173038901
2042,41.38110634,2.173370443
2043,41.38126963,2.173562411
2044,41.38123812,2.17331887
2045,41.38091891,2.17408645
2046,41.3807069,2.174970188
2047,41.38071673,2.174708487
2048,41.38081986,2.174820229
2049,41.3809631,2.174992141
2050,41.3807597,2.175250008
2051,41.38081101,2.175544228
2052,41.38100607,2.175292985
2053,41.38110634,2.175166917
2054,41.38118655,2.175261468
2055,41.3809852,2.176087545
2056,41.3812725,2.176439061
2057,41.38107683,2.176871737
2058,41.38079122,2.177221258
2059,41.38092586,2.177304348
2060,41.38076897,2.177644006
2061,41.38085149,2.178186768
2062,41.38076383,2.179108765
2063,41.38082016,2.179328138
2064,41.38069629,2.179650963
2065,41.3806623,2.179934592
2066,41.38090008,2.179808524
2067,41.38107196,2.179954649
2068,41.38102326,2.18020392
2069,41.38114645,2.179691051
2070,41.38086284,2.180607912
2071,41.3807597,2.180238302
2072,41.38095451,2.180372966
2073,41.38057063,2.180688137
2074,41.38077116,2.180845723
2075,41.38067949,2.181097859
2076,41.38100444,2.181030602
2077,41.38122093,2.181304153
2078,41.38077976,2.181467469
2079,41.38109775,2.181530503
2080,41.38047885,2.143595148
2081,41.38009853,2.146605398
2082,41.38010069,2.147720392
2083,41.38008668,2.149976455
2084,41.38010501,2.148871359
2085,41.38011695,2.152193084
2086,41.38008407,2.151112314
2087,41.38010515,2.153385375
2088,41.38006261,2.154536792
2089,41.37997557,2.156971386
2090,41.37998335,2.155746663
2091,41.38043885,2.156339757
2092,41.37991914,2.159278165
2093,41.37992644,2.158189732
2094,41.38014951,2.161239231
2095,41.38033572,2.160981364
2096,41.37990116,2.160407691
2097,41.37948499,2.163195671
2098,41.3802727,2.163244864
2099,41.38027842,2.16348554
2100,41.38032426,2.16325919
2101,41.37985964,2.162608996
2102,41.37994406,2.163729054
2103,41.38024978,2.163774924
2104,41.38006017,2.164022989
2105,41.38034145,2.163926779
2106,41.3803816,2.164284858
2107,41.37991419,2.16498581
2108,41.38041996,2.165014329
2109,41.38004748,2.165866577
2110,41.3804771,2.165986292
2111,41.38052887,2.166869841
2112,41.38035864,2.167419445
2113,41.38044745,2.167299107
2114,41.38051333,2.167465288
2115,41.38019653,2.167006984
2116,41.38001777,2.167766726
2117,41.38040066,2.16758688
2118,41.38042532,2.167819925
2119,41.38057063,2.167585626
2120,41.3806623,2.167631469
2121,41.3801796,2.168384353
2122,41.38045317,2.168109956
2123,41.380153,2.169425137
2124,41.38029229,2.169927471
2125,41.38040161,2.170284634
2126,41.37997878,2.170465511
2127,41.37984472,2.171456664
2128,41.38051436,2.170592939
2129,41.38063365,2.170843346
2130,41.38019248,2.174106797
2131,41.38038975,2.174275617
2132,41.38045209,2.174826544
2133,41.38058782,2.17453371
2134,41.38045385,2.175402955
2135,41.38031889,2.176227229
2136,41.38070241,2.175739955
2137,41.38022972,2.177198336
2138,41.38046076,2.177143023
2139,41.38059908,2.177396762
2140,41.38012712,2.176968754
2141,41.38008952,2.177443069
2142,41.38034718,2.177401765
2143,41.38047323,2.177719801
2144,41.38047661,2.178503692
2145,41.38010081,2.177817217
2146,41.37977128,2.178599002
2147,41.38022686,2.177963342
2148,41.38004576,2.178734423
2149,41.3803615,2.177917499
2150,41.38053339,2.177897443
2151,41.38061647,2.178003455
2152,41.38014198,2.179478937
2153,41.38044226,2.179424963
2154,41.38066803,2.179481892
2155,41.38030104,2.179119032
2156,41.38049901,2.179017732
2157,41.38064371,2.179263555
2158,41.38037583,2.180544878
2159,41.3802619,2.180781934
2160,41.38010001,2.180332154
2161,41.38030363,2.179904884
2162,41.38057063,2.180115099
2163,41.38047323,2.180329989
2164,41.38034431,2.181149433
2165,41.37926107,2.145485188
2166,41.37927916,2.146566578
2167,41.37926958,2.14882057
2168,41.37949921,2.148096607
2169,41.37965964,2.148288575
2170,41.37925292,2.151079243
2171,41.37921135,2.149928554
2172,41.37940392,2.153158868
2173,41.37923646,2.152230022
2174,41.37966823,2.152795518
2175,41.37952011,2.16090992
2176,41.37969482,2.161760025
2177,41.37930018,2.163808288
2178,41.3797262,2.163982784
2179,41.37951298,2.164462454
2180,41.37977699,2.166927804
2181,41.37980989,2.166453584
2182,41.37964245,2.16817299
2183,41.3796085,2.167521436
2184,41.38006643,2.169147154
2185,41.37978303,2.168499583
2186,41.38000882,2.168884114
2187,41.37965662,2.169483934
2188,41.37926068,2.170985325
2189,41.37952994,2.170288624
2190,41.37955452,2.172971123
2191,41.37948088,2.172457872
2192,41.37978864,2.17369877
2193,41.37987163,2.174390451
2194,41.37979045,2.174892445
2195,41.37984476,2.176067327
2196,41.37948643,2.176258298
2197,41.37965104,2.17641614
2198,41.37939088,2.176794227
2199,41.37978855,2.176547938
2200,41.37994038,2.176728445
2201,41.37971252,2.177159757
2202,41.37990028,2.177762779
2203,41.37962391,2.178191602
2204,41.37964205,2.177684975
2205,41.37958515,2.179404532
2206,41.37988222,2.179573467
2207,41.38004351,2.179685321
2208,41.37993752,2.17990021
2209,41.37954707,2.179884732
2210,41.37983152,2.180112234
2211,41.37970834,2.180344314
2212,41.37984585,2.180771228
2213,41.37912679,2.147600929
2214,41.37914398,2.147855931
2215,41.37930154,2.147861662
2216,41.37918917,2.147994998
2217,41.3789609,2.153269043
2218,41.37894918,2.153720825
2219,41.37910101,2.155824185
2220,41.37914398,2.154626374
2221,41.37953932,2.155156434
2222,41.37948202,2.15758898
2223,41.37903126,2.158188312
2224,41.37924236,2.157255284
2225,41.37924179,2.160159957
2226,41.3790384,2.159259139
2227,41.3794591,2.15985821
2228,41.37884318,2.160640407
2229,41.37889347,2.161302663
2230,41.37887469,2.161608841
2231,41.37922473,2.161807733
2232,41.37886037,2.162385307
2233,41.37896859,2.162662304
2234,41.37913825,2.162233452
2235,41.3792643,2.162141766
2236,41.37935311,2.162078732
2237,41.37889552,2.161942678
2238,41.3790695,2.164531334
2239,41.37917989,2.164899292
2240,41.37882515,2.165310083
2241,41.37930441,2.165233305
2242,41.37942542,2.165625073
2243,41.37913241,2.165896384
2244,41.37949406,2.166549196
2245,41.37952786,2.166041289
2246,41.37959661,2.166196009
2247,41.37916403,2.167009723
2248,41.37937316,2.16689225
2249,41.37905863,2.166391524
2250,41.37947056,2.166972475
2251,41.37939321,2.168516812
2252,41.37884728,2.168308424
2253,41.37908669,2.168846309
2254,41.37910776,2.169433918
2255,41.37923852,2.169803282
2256,41.3788846,2.169723933
2257,41.37922706,2.169906429
2258,41.37908382,2.170084071
2259,41.37884345,2.171837362
2260,41.37910463,2.172519431
2261,41.37920994,2.173712159
2262,41.37919509,2.173083917
2263,41.37897019,2.175225641
2264,41.37960698,2.175453557
2265,41.37939608,2.174803038
2266,41.37953359,2.174679835
2267,41.3791997,2.174399326
2268,41.37929008,2.176075182
2269,41.37898339,2.175796253
2270,41.37905559,2.17646358
2271,41.37908669,2.177109516
2272,41.37882593,2.177629433
2273,41.3793043,2.17730357
2274,41.37895204,2.176954795
2275,41.37925219,2.178427128
2276,41.37926026,2.178794022
2277,41.37942473,2.179318577
2278,41.37933878,2.179493353
2279,41.37875664,2.178863769
2280,41.37908955,2.17906644
2281,41.37900361,2.179238351
2282,41.37925571,2.179189643
2283,41.37908669,2.179542061
2284,41.37925284,2.17966813
2285,41.37913539,2.179903075
2286,41.37929295,2.180338584
2287,41.37821275,2.146471476
2288,41.37830574,2.147436637
2289,41.37874864,2.147047948
2290,41.37891766,2.147274298
2291,41.37854554,2.147907566
2292,41.37890048,2.147549356
2293,41.37890644,2.147812317
2294,41.37807898,2.149110201
2295,41.37843579,2.149913671
2296,41.37858398,2.151983792
2297,41.378373,2.151074531
2298,41.37881453,2.151672364
2299,41.37857591,2.152408404
2300,41.37830461,2.153497489
2301,41.37874291,2.154093449
2302,41.37822798,2.154717174
2303,41.37820259,2.156991159
2304,41.37819137,2.155855718
2305,41.37861687,2.156437174
2306,41.37883504,2.156738117
2307,41.37878611,2.157214732
2308,41.37821716,2.158175591
2309,41.37818902,2.159279998
2310,41.37855384,2.161239231
2311,41.37862546,2.16098996
2312,41.37818115,2.160357612
2313,41.37812087,2.161652208
2314,41.37854811,2.161471312
2315,41.37838037,2.161908873
2316,41.37864838,2.161614571
2317,41.3783538,2.162314444
2318,41.37866508,2.16275027
2319,41.37821508,2.163754767
2320,41.37828555,2.162677765
2321,41.37869135,2.163130256
2322,41.37879448,2.163557169
2323,41.37875437,2.163007053
2324,41.37896717,2.16411885
2325,41.37849548,2.164736254
2326,41.37849082,2.165634432
2327,41.37838133,2.165950021
2328,41.37867703,2.165817804
2329,41.37862249,2.166669433
2330,41.3787757,2.167479941
2331,41.3783705,2.168055517
2332,41.378508,2.167849223
2333,41.37813935,2.167337714
2334,41.37876583,2.169273222
2335,41.3789148,2.169092716
2336,41.37858833,2.168654071
2337,41.3784593,2.169639967
2338,41.37853952,2.169545415
2339,41.37861973,2.169445134
2340,41.37815636,2.169234843
2341,41.37831564,2.169021146
2342,41.37866079,2.169984119
2343,41.37883341,2.170374973
2344,41.37842941,2.170856396
2345,41.37868562,2.170556827
2346,41.37848797,2.170188684
2347,41.37882394,2.170928007
2348,41.37873117,2.171386088
2349,41.3783842,2.171330558
2350,41.37841647,2.172279017
2351,41.37838729,2.174426282
2352,41.37843262,2.173608143
2353,41.37880021,2.173980729
2354,41.37839387,2.175303189
2355,41.37850514,2.175751416
2356,41.3786627,2.175622482
2357,41.37842807,2.176351361
2358,41.37838949,2.177238598
2359,41.37872286,2.176800075
2360,41.37837083,2.17830495
2361,41.37827354,2.177862707
2362,41.37861958,2.179206326
2363,41.37892053,2.179415993
2364,41.37878875,2.179659534
2365,41.37836852,2.179656445
2366,41.37882886,2.180000492
2367,41.37777749,2.148002056
2368,41.37812085,2.147998401
2369,41.37803063,2.148575205
2370,41.37751485,2.149938212
2371,41.37751748,2.151148308
2372,41.37812638,2.152549219
2373,41.37737255,2.153579776
2374,41.37786916,2.152924451
2375,41.37789495,2.162070136
2376,41.37753912,2.162421885
2377,41.37798089,2.16212171
2378,41.37806683,2.162164687
2379,41.3774009,2.161561448
2380,41.37758163,2.163118266
2381,41.37777265,2.164925801
2382,41.37806683,2.165216114
2383,41.37759161,2.166093858
2384,41.37826724,2.165418047
2385,41.37801867,2.166519358
2386,41.37809472,2.168469891
2387,41.37823299,2.168253215
2388,41.37785685,2.167773956
2389,41.37790623,2.168765864
2390,41.3783218,2.169820474
2391,41.37802959,2.17014424
2392,41.37801916,2.17145296
2393,41.37796164,2.170845247
2394,41.37820434,2.171144191
2395,41.37785626,2.173926914
2396,41.37796737,2.173120182
2397,41.37800094,2.174911915
2398,41.37808975,2.175957709
2399,41.37781353,2.177812515
2400,41.37806068,2.178416358
2401,41.3783132,2.178665313
2402,41.37834758,2.178934641
2403,41.3778238,2.179259535
2404,41.37822153,2.17921543
2405,41.37745125,2.146922293
2406,41.37762852,2.147030757
2407,41.37715855,2.147299115
2408,41.37747459,2.147175121
2409,41.37763425,2.147345928
2410,41.37777332,2.147342165
2411,41.37712012,2.148228938
2412,41.37734205,2.147939022
2413,41.37717546,2.147725312
2414,41.37748103,2.148081341
2415,41.37752092,2.147696717
2416,41.3774894,2.14855305
2417,41.37763998,2.148268519
2418,41.37716213,2.148642843
2419,41.37744804,2.152362874
2420,41.37728117,2.155973757
2421,41.37734335,2.154758834
2422,41.37748849,2.157927708
2423,41.37777749,2.157563193
2424,41.3773202,2.156984273
2425,41.37736666,2.160371854
2426,41.37743831,2.159250209
2427,41.37732677,2.163753038
2428,41.37762566,2.164459704
2429,41.37720644,2.165052674
2430,41.37765069,2.167092092
2431,41.37730265,2.167109923
2432,41.37730846,2.167622441
2433,41.37765552,2.169083782
2434,41.37725949,2.169642843
2435,41.37718418,2.168867615
2436,41.37755045,2.170879431
2437,41.37738307,2.170242348
2438,41.37782906,2.170439355
2439,41.37730194,2.171445036
2440,41.37761844,2.171486172
2441,41.37742226,2.171846163
2442,41.37757049,2.172206504
2443,41.37770301,2.17180605
2444,41.37779754,2.171717229
2445,41.37719866,2.172308475
2446,41.37756319,2.172687211
2447,41.37741833,2.173410367
2448,41.37735637,2.174353203
2449,41.37751966,2.174493598
2450,41.37733321,2.174761848
2451,41.37763955,2.175056084
2452,41.37770249,2.174674394
2453,41.37728762,2.17514113
2454,41.37758101,2.175659388
2455,41.37746523,2.176229902
2456,41.37721846,2.177899039
2457,41.37737925,2.178414475
2458,41.37756263,2.178023511
2459,41.37772052,2.17818573
2460,41.3777281,2.178706011
2461,41.37734631,2.17892415
2462,41.37665901,2.147942977
2463,41.37683499,2.148620937
2464,41.37669542,2.149989716
2465,41.37685371,2.149045301
2466,41.37651025,2.152469579
2467,41.37659721,2.151219664
2468,41.3770212,2.151789836
2469,41.37651332,2.154726602
2470,41.37646359,2.153579701
2471,41.37690234,2.15740917
2472,41.37642673,2.15708365
2473,41.37646453,2.155935121
2474,41.37713579,2.158419885
2475,41.37674073,2.158939122
2476,41.37705271,2.158680617
2477,41.37651708,2.158142639
2478,41.37669735,2.15939719
2479,41.37692666,2.160955577
2480,41.37650816,2.161519624
2481,41.37670321,2.160631811
2482,41.37707849,2.16296694
2483,41.37645749,2.163799211
2484,41.37668888,2.162869524
2485,41.37691806,2.163207616
2486,41.37641375,2.164831615
2487,41.37664664,2.165810011
2488,41.37691432,2.167194776
2489,41.37674223,2.16658479
2490,41.37700886,2.168083893
2491,41.37661363,2.167705372
2492,41.37693404,2.167698541
2493,41.37675963,2.16855919
2494,41.3768665,2.168339171
2495,41.37667988,2.168074567
2496,41.37674618,2.170055419
2497,41.37689801,2.169972329
2498,41.37668547,2.169569263
2499,41.3772074,2.171691442
2500,41.3771186,2.171929253
2501,41.37680709,2.171272182
2502,41.37677022,2.172804802
2503,41.37662663,2.171726517
2504,41.37701547,2.172095434
2505,41.37686077,2.173811683
2506,41.37710716,2.174057787
2507,41.37695144,2.174560468
2508,41.37688369,2.174997871
2509,41.37680365,2.175428936
2510,41.37710714,2.175060905
2511,41.37703265,2.176536478
2512,41.37682746,2.176049936
2513,41.3768092,2.176739906
2514,41.37728249,2.177181853
2515,41.37679201,2.17762525
2516,41.37672214,2.178442432
2517,41.37576465,2.149060187
2518,41.37653132,2.148555038
2519,41.37577332,2.151214296
2520,41.37617323,2.15063803
2521,41.37629444,2.159500447
2522,41.37628854,2.160113412
2523,41.37628459,2.160568207
2524,41.37658185,2.162320437
2525,41.37624485,2.162322273
2526,41.37642819,2.162545758
2527,41.37618221,2.162874278
2528,41.37620474,2.166385111
2529,41.3762298,2.168320321
2530,41.37652276,2.168923109
2531,41.37673193,2.169009788
2532,41.37617215,2.168900128
2533,41.37615317,2.1702216
2534,41.37639095,2.1702216
2535,41.37640721,2.170486444
2536,41.37655424,2.170359129
2537,41.37655424,2.170170027
2538,41.3767162,2.17031318
2539,41.37609519,2.170590272
2540,41.37642533,2.170871998
2541,41.37643965,2.170774582
2542,41.37659072,2.170636034
2543,41.37621333,2.171301777
2544,41.37606249,2.171885261
2545,41.37597842,2.171061101
2546,41.37630925,2.171087758
2547,41.37664878,2.17362831
2548,41.37659435,2.173949212
2549,41.37634225,2.173424882
2550,41.37621047,2.174066684
2551,41.37644251,2.174482137
2552,41.37629641,2.175060905
2553,41.37656283,2.174860342
2554,41.37590847,2.175139472
2555,41.37626203,2.175487818
2556,41.37617144,2.176064797
2557,41.37641387,2.175691247
2558,41.37605577,2.177304348
2559,41.37635944,2.177166819
2560,41.37611861,2.176863677
2561,41.37647403,2.177226988
2562,41.376411,2.176651085
2563,41.37656856,2.176992043
2564,41.37614458,2.177754183
2565,41.37630558,2.177864492
2566,41.37635444,2.177511141
2567,41.3765657,2.177424686
2568,41.37649792,2.177806409
2569,41.37619901,2.178003455
2570,41.37632219,2.178066489
2571,41.37583519,2.150216847
2572,41.37575125,2.153360318
2573,41.37588675,2.153036194
2574,41.37562892,2.15275254
2575,41.3754906,2.153834851
2576,41.37600522,2.154453944
2577,41.37565397,2.155856654
2578,41.37568251,2.154792505
2579,41.37563879,2.156991104
2580,41.37563435,2.158139978
2581,41.37577213,2.160193127
2582,41.37561092,2.15921759
2583,41.37605577,2.159806637
2584,41.37572537,2.160722101
2585,41.37560338,2.162703243
2586,41.37562637,2.161476707
2587,41.37609015,2.162087327
2588,41.37561052,2.163744074
2589,41.37559805,2.164911054
2590,41.37587243,2.166823485
2591,41.37557795,2.165986656
2592,41.37540882,2.167419961
2593,41.37587318,2.167864155
2594,41.37549724,2.16814479
2595,41.37568154,2.169229487
2596,41.3757693,2.170436489
2597,41.37593259,2.170227331
2598,41.37564332,2.170029836
2599,41.37532115,2.170393776
2600,41.37569481,2.170763121
2601,41.3755076,2.171456241
2602,41.37584161,2.172790695
2603,41.37565871,2.172255784
2604,41.37555157,2.17308679
2605,41.37573778,2.173178476
2606,41.37566805,2.173508545
2607,41.37592129,2.173259303
2608,41.37599457,2.17363847
2609,41.37550574,2.173817413
2610,41.37564325,2.173860391
2611,41.37561282,2.174179132
2612,41.37578935,2.173914829
2613,41.37591253,2.173957807
2614,41.37587529,2.174241461
2615,41.37564038,2.174863207
2616,41.37554447,2.174625238
2617,41.37566135,2.174462098
2618,41.37574739,2.174647416
2619,41.3750949,2.174808512
2620,41.37575147,2.176870202
2621,41.37612453,2.176507826
2622,41.37563264,2.177360972
2623,41.37588962,2.177522103
2624,41.37590634,2.177808187
2625,41.37600707,2.177694014
2626,41.37608728,2.177848734
2627,41.37519174,2.150765387
2628,41.37533518,2.152079982
2629,41.37515824,2.153195745
2630,41.37527369,2.154145022
2631,41.375108,2.155356118
2632,41.37507675,2.157573465
2633,41.37506006,2.159736269
2634,41.37537682,2.160654733
2635,41.37501816,2.162096413
2636,41.37518775,2.160858161
2637,41.37501303,2.164355156
2638,41.37495347,2.166564336
2639,41.3749632,2.168807245
2640,41.37506457,2.167703099
2641,41.37501873,2.170032498
2642,41.37520494,2.16984053
2643,41.37509344,2.171981198
2644,41.37534818,2.172098299
2645,41.37527104,2.17250127
2646,41.37498722,2.172828923
2647,41.37527083,2.172940665
2648,41.37531914,2.17340798
2649,41.37500727,2.173740053
2650,41.37519921,2.173805952
2651,41.37520207,2.173972133
2652,41.37527083,2.174221405
2653,41.37531953,2.173803087
2654,41.37536201,2.173988958
2655,41.37538255,2.174387586
2656,41.37547996,2.174447755
2657,41.37459573,2.175648666
2658,41.37487968,2.171046195
2659,41.37480596,2.172357899
2660,41.37477688,2.173229397
